id,name,res,attrType1,attrValue1,attrType2,attrValue2,attrType3,attrValue3,attrType4,attrValue4,attrType5,attrValue5,quality,combine1,amount1,combine2,amount2,combine3,amount3,combine4,amount4,power,getpathId,desc
111,A1,#hoarstone_icon_stoneEquip_1.png,1,704,,,,,,,,,1,,,,,,,,,24,1,à»à»à»°¡
112,A2,#hoarstone_icon_stoneEquip_2.png,23,2,,,,,,,,,1,,,,,,,,,10,1,à»à»à»°¡
113,A3,#hoarstone_icon_stoneEquip_3.png,3,9,,,,,,,,,1,,,,,,,,,41,1,à»à»à»°¡
114,A4,#hoarstone_icon_stoneEquip_4.png,25,2,,,,,,,,,1,,,,,,,,,7,1,à»à»à»°¡
115,A5,#hoarstone_icon_stoneEquip_5.png,10,9,,,,,,,,,1,,,,,,,,,90,1,à»à»à»°¡
116,A6,#hoarstone_icon_stoneEquip_6.png,1,576,,,,,,,,,1,,,,,,,,,20,1,à»à»à»°¡
121,AA1,#hoarstone_icon_stoneEquip_7.png,1,960,,,,,,,,,2,111,1,112,1,,,,,33,1,à»à»à»°¡
122,AA2,#hoarstone_icon_stoneEquip_8.png,23,3,,,,,,,,,2,113,1,114,1,,,,,15,1,à»à»à»°¡
123,AA3,#hoarstone_icon_stoneEquip_9.png,3,14,,,,,,,,,2,115,1,116,1,,,,,63,1,à»à»à»°¡
124,AA4,#hoarstone_icon_stoneEquip_10.png,25,3,,,,,,,,,2,111,3,,,,,,,11,1,à»à»à»°¡
125,AA5,#hoarstone_icon_stoneEquip_11.png,10,13,,,,,,,,,2,112,3,,,,,,,130,1,à»à»à»°¡
126,AA6,#hoarstone_icon_stoneEquip_12.png,1,960,,,,,,,,,2,113,3,,,,,,,33,1,à»à»à»°¡
127,AA7,#hoarstone_icon_stoneEquip_1.png,1,0,,,,,,,,,2,114,3,,,,,,,0,1,à»à»à»°¡
128,AA8,#hoarstone_icon_stoneEquip_2.png,1,0,,,,,,,,,2,115,3,,,,,,,0,1,à»à»à»°¡
129,AA9,#hoarstone_icon_stoneEquip_3.png,1,0,,,,,,,,,2,116,3,,,,,,,0,1,à»à»à»°¡
131,AAA1,#hoarstone_icon_stoneEquip_4.png,1,1920,23,7,,,,,,,3,111,3,114,3,,,,,100,1,à»à»à»°¡
132,AAA2,#hoarstone_icon_stoneEquip_5.png,1,1920,3,28,,,,,,,3,112,3,115,3,,,,,191,1,à»à»à»°¡
133,AAA3,#hoarstone_icon_stoneEquip_6.png,1,1920,25,6,,,,,,,3,113,3,116,3,,,,,86,1,à»à»à»°¡
141,AAAA1,#hoarstone_icon_stoneEquip_7.png,1,3200,,,,,,,,,4,111,5,113,5,115,5,,,109,1,à»à»à»°¡
142,AAAA2,#hoarstone_icon_stoneEquip_8.png,3,48,,,,,,,,,4,112,5,114,5,116,5,,,216,1,à»à»à»°¡
151,AAAAA1,#hoarstone_icon_stoneEquip_9.png,1,5139,23,19,,,,,,,5,111,10,112,10,113,10,,,270,1,à»à»à»°¡
152,AAAAA2,#hoarstone_icon_stoneEquip_10.png,3,96,23,19,,,,,,,5,114,10,115,10,116,10,,,527,1,à»à»à»°¡
153,AAAAA3,#hoarstone_icon_stoneEquip_11.png,1,5197,3,77,,,,,,,5,111,10,115,10,116,10,,,523,1,à»à»à»°¡
154,AAAAA4,#hoarstone_icon_stoneEquip_12.png,3,93,25,16,,,,,,,5,111,10,112,20,,,,,475,1,à»à»à»°¡
155,AAAAA5,#hoarstone_icon_stoneEquip_1.png,10,72,25,16,,,,,,,5,113,10,114,20,,,,,776,1,à»à»à»°¡
156,AAAAA6,#hoarstone_icon_stoneEquip_2.png,1,5136,25,16,,,,,,,5,115,10,116,20,,,,,231,1,à»à»à»°¡
211,B1,#hoarstone_icon_stoneEquip_3.png,1,704,,,,,,,,,1,,,,,,,,,24,1,à»à»à»°¡
212,B2,#hoarstone_icon_stoneEquip_4.png,23,2,,,,,,,,,1,,,,,,,,,10,1,à»à»à»°¡
213,B3,#hoarstone_icon_stoneEquip_5.png,3,9,,,,,,,,,1,,,,,,,,,41,1,à»à»à»°¡
214,B4,#hoarstone_icon_stoneEquip_6.png,25,2,,,,,,,,,1,,,,,,,,,7,1,à»à»à»°¡
215,B5,#hoarstone_icon_stoneEquip_7.png,10,9,,,,,,,,,1,,,,,,,,,90,1,à»à»à»°¡
216,B6,#hoarstone_icon_stoneEquip_8.png,1,576,,,,,,,,,1,,,,,,,,,20,1,à»à»à»°¡
221,BB1,#hoarstone_icon_stoneEquip_9.png,1,960,,,,,,,,,2,211,1,212,1,,,,,33,1,à»à»à»°¡
222,BB2,#hoarstone_icon_stoneEquip_10.png,23,3,,,,,,,,,2,213,1,214,1,,,,,15,1,à»à»à»°¡
223,BB3,#hoarstone_icon_stoneEquip_11.png,3,14,,,,,,,,,2,215,1,216,1,,,,,63,1,à»à»à»°¡
224,BB4,#hoarstone_icon_stoneEquip_12.png,25,3,,,,,,,,,2,211,3,,,,,,,11,1,à»à»à»°¡
225,BB5,#hoarstone_icon_stoneEquip_1.png,10,13,,,,,,,,,2,212,3,,,,,,,130,1,à»à»à»°¡
226,BB6,#hoarstone_icon_stoneEquip_2.png,1,960,,,,,,,,,2,213,3,,,,,,,33,1,à»à»à»°¡
227,BB7,#hoarstone_icon_stoneEquip_3.png,1,0,,,,,,,,,2,214,3,,,,,,,0,1,à»à»à»°¡
228,BB8,#hoarstone_icon_stoneEquip_4.png,1,0,,,,,,,,,2,215,3,,,,,,,0,1,à»à»à»°¡
229,BB9,#hoarstone_icon_stoneEquip_5.png,1,0,,,,,,,,,2,216,3,,,,,,,0,1,à»à»à»°¡
231,BBB1,#hoarstone_icon_stoneEquip_6.png,1,1920,23,7,,,,,,,3,211,3,214,3,,,,,100,1,à»à»à»°¡
232,BBB2,#hoarstone_icon_stoneEquip_7.png,1,1920,3,28,,,,,,,3,212,3,215,3,,,,,191,1,à»à»à»°¡
233,BBB3,#hoarstone_icon_stoneEquip_8.png,1,1920,25,6,,,,,,,3,213,3,216,3,,,,,86,1,à»à»à»°¡
241,BBBB1,#hoarstone_icon_stoneEquip_9.png,1,3200,,,,,,,,,4,211,5,213,5,215,5,,,109,1,à»à»à»°¡
242,BBBB2,#hoarstone_icon_stoneEquip_10.png,3,48,,,,,,,,,4,212,5,214,5,216,5,,,216,1,à»à»à»°¡
251,BBBBB1,#hoarstone_icon_stoneEquip_11.png,1,5139,23,19,,,,,,,5,211,10,212,10,213,10,,,270,1,à»à»à»°¡
252,BBBBB2,#hoarstone_icon_stoneEquip_12.png,3,96,23,19,,,,,,,5,214,10,215,10,216,10,,,527,1,à»à»à»°¡
253,BBBBB3,#hoarstone_icon_stoneEquip_1.png,1,5197,3,77,,,,,,,5,211,10,215,10,216,10,,,523,1,à»à»à»°¡
254,BBBBB4,#hoarstone_icon_stoneEquip_2.png,3,93,25,16,,,,,,,5,211,10,212,20,,,,,475,1,à»à»à»°¡
255,BBBBB5,#hoarstone_icon_stoneEquip_3.png,10,72,25,16,,,,,,,5,213,10,214,20,,,,,776,1,à»à»à»°¡
256,BBBBB6,#hoarstone_icon_stoneEquip_4.png,1,5136,25,16,,,,,,,5,215,10,216,20,,,,,231,1,à»à»à»°¡
311,C1,#hoarstone_icon_stoneEquip_5.png,1,704,,,,,,,,,1,,,,,,,,,24,1,à»à»à»°¡
312,C2,#hoarstone_icon_stoneEquip_6.png,23,2,,,,,,,,,1,,,,,,,,,10,1,à»à»à»°¡
313,C3,#hoarstone_icon_stoneEquip_7.png,3,9,,,,,,,,,1,,,,,,,,,41,1,à»à»à»°¡
314,C4,#hoarstone_icon_stoneEquip_8.png,25,2,,,,,,,,,1,,,,,,,,,7,1,à»à»à»°¡
315,C5,#hoarstone_icon_stoneEquip_9.png,10,9,,,,,,,,,1,,,,,,,,,90,1,à»à»à»°¡
316,C6,#hoarstone_icon_stoneEquip_10.png,1,576,,,,,,,,,1,,,,,,,,,20,1,à»à»à»°¡
321,CC1,#hoarstone_icon_stoneEquip_11.png,1,960,,,,,,,,,2,311,1,312,1,,,,,33,1,à»à»à»°¡
322,CC2,#hoarstone_icon_stoneEquip_12.png,23,3,,,,,,,,,2,313,1,314,1,,,,,15,1,à»à»à»°¡
323,CC3,#hoarstone_icon_stoneEquip_1.png,3,14,,,,,,,,,2,315,1,316,1,,,,,63,1,à»à»à»°¡
324,CC4,#hoarstone_icon_stoneEquip_2.png,25,3,,,,,,,,,2,311,3,,,,,,,11,1,à»à»à»°¡
325,CC5,#hoarstone_icon_stoneEquip_3.png,10,13,,,,,,,,,2,312,3,,,,,,,130,1,à»à»à»°¡
326,CC6,#hoarstone_icon_stoneEquip_4.png,1,960,,,,,,,,,2,313,3,,,,,,,33,1,à»à»à»°¡
327,CC7,#hoarstone_icon_stoneEquip_5.png,1,0,,,,,,,,,2,314,3,,,,,,,0,1,à»à»à»°¡
328,CC8,#hoarstone_icon_stoneEquip_6.png,1,0,,,,,,,,,2,315,3,,,,,,,0,1,à»à»à»°¡
329,CC9,#hoarstone_icon_stoneEquip_7.png,1,0,,,,,,,,,2,316,3,,,,,,,0,1,à»à»à»°¡
331,CCC1,#hoarstone_icon_stoneEquip_8.png,1,1920,23,7,,,,,,,3,311,3,314,3,,,,,100,1,à»à»à»°¡
332,CCC2,#hoarstone_icon_stoneEquip_9.png,1,1920,3,28,,,,,,,3,312,3,315,3,,,,,191,1,à»à»à»°¡
333,CCC3,#hoarstone_icon_stoneEquip_10.png,1,1920,25,6,,,,,,,3,313,3,316,3,,,,,86,1,à»à»à»°¡
341,CCCC1,#hoarstone_icon_stoneEquip_11.png,1,3200,,,,,,,,,4,311,5,313,5,315,5,,,109,1,à»à»à»°¡
342,CCCC2,#hoarstone_icon_stoneEquip_12.png,3,48,,,,,,,,,4,312,5,314,5,316,5,,,216,1,à»à»à»°¡
351,CCCCC1,#hoarstone_icon_stoneEquip_1.png,1,5139,23,19,,,,,,,5,311,10,312,10,313,10,,,270,1,à»à»à»°¡
352,CCCCC2,#hoarstone_icon_stoneEquip_2.png,3,96,23,19,,,,,,,5,314,10,315,10,316,10,,,527,1,à»à»à»°¡
353,CCCCC3,#hoarstone_icon_stoneEquip_3.png,1,5197,3,77,,,,,,,5,311,10,315,10,316,10,,,523,1,à»à»à»°¡
354,CCCCC4,#hoarstone_icon_stoneEquip_4.png,3,93,25,16,,,,,,,5,311,10,312,20,,,,,475,1,à»à»à»°¡
355,CCCCC5,#hoarstone_icon_stoneEquip_5.png,10,72,25,16,,,,,,,5,313,10,314,20,,,,,776,1,à»à»à»°¡
356,CCCCC6,#hoarstone_icon_stoneEquip_6.png,1,5136,25,16,,,,,,,5,315,10,316,20,,,,,231,1,à»à»à»°¡
411,D1,#hoarstone_icon_stoneEquip_7.png,1,704,,,,,,,,,1,,,,,,,,,24,1,à»à»à»°¡
412,D2,#hoarstone_icon_stoneEquip_8.png,23,2,,,,,,,,,1,,,,,,,,,10,1,à»à»à»°¡
413,D3,#hoarstone_icon_stoneEquip_9.png,3,9,,,,,,,,,1,,,,,,,,,41,1,à»à»à»°¡
414,D4,#hoarstone_icon_stoneEquip_10.png,25,2,,,,,,,,,1,,,,,,,,,7,1,à»à»à»°¡
415,D5,#hoarstone_icon_stoneEquip_11.png,10,9,,,,,,,,,1,,,,,,,,,90,1,à»à»à»°¡
416,D6,#hoarstone_icon_stoneEquip_12.png,1,576,,,,,,,,,1,,,,,,,,,20,1,à»à»à»°¡
421,DD1,#hoarstone_icon_stoneEquip_1.png,1,960,,,,,,,,,2,411,1,412,1,,,,,33,1,à»à»à»°¡
422,DD2,#hoarstone_icon_stoneEquip_2.png,23,3,,,,,,,,,2,413,1,414,1,,,,,15,1,à»à»à»°¡
423,DD3,#hoarstone_icon_stoneEquip_3.png,3,14,,,,,,,,,2,415,1,416,1,,,,,63,1,à»à»à»°¡
424,DD4,#hoarstone_icon_stoneEquip_4.png,25,3,,,,,,,,,2,411,3,,,,,,,11,1,à»à»à»°¡
425,DD5,#hoarstone_icon_stoneEquip_5.png,10,13,,,,,,,,,2,412,3,,,,,,,130,1,à»à»à»°¡
426,DD6,#hoarstone_icon_stoneEquip_6.png,1,960,,,,,,,,,2,413,3,,,,,,,33,1,à»à»à»°¡
427,DD7,#hoarstone_icon_stoneEquip_7.png,1,0,,,,,,,,,2,414,3,,,,,,,0,1,à»à»à»°¡
428,DD8,#hoarstone_icon_stoneEquip_8.png,1,0,,,,,,,,,2,415,3,,,,,,,0,1,à»à»à»°¡
429,DD9,#hoarstone_icon_stoneEquip_9.png,1,0,,,,,,,,,2,416,3,,,,,,,0,1,à»à»à»°¡
431,DDD1,#hoarstone_icon_stoneEquip_10.png,1,1920,23,7,,,,,,,3,411,3,414,3,,,,,100,1,à»à»à»°¡
432,DDD2,#hoarstone_icon_stoneEquip_11.png,1,1920,3,28,,,,,,,3,412,3,415,3,,,,,191,1,à»à»à»°¡
433,DDD3,#hoarstone_icon_stoneEquip_12.png,1,1920,25,6,,,,,,,3,413,3,416,3,,,,,86,1,à»à»à»°¡
441,DDDD1,#hoarstone_icon_stoneEquip_1.png,1,3200,,,,,,,,,4,411,5,413,5,415,5,,,109,1,à»à»à»°¡
442,DDDD2,#hoarstone_icon_stoneEquip_2.png,3,48,,,,,,,,,4,412,5,414,5,416,5,,,216,1,à»à»à»°¡
451,DDDDD1,#hoarstone_icon_stoneEquip_3.png,1,5139,23,19,,,,,,,5,411,10,412,10,413,10,,,270,1,à»à»à»°¡
452,DDDDD2,#hoarstone_icon_stoneEquip_4.png,3,96,23,19,,,,,,,5,414,10,415,10,416,10,,,527,1,à»à»à»°¡
453,DDDDD3,#hoarstone_icon_stoneEquip_5.png,1,5197,3,77,,,,,,,5,411,10,415,10,416,10,,,523,1,à»à»à»°¡
454,DDDDD4,#hoarstone_icon_stoneEquip_6.png,3,93,25,16,,,,,,,5,411,10,412,20,,,,,475,1,à»à»à»°¡
455,DDDDD5,#hoarstone_icon_stoneEquip_7.png,10,72,25,16,,,,,,,5,413,10,414,20,,,,,776,1,à»à»à»°¡
456,DDDDD6,#hoarstone_icon_stoneEquip_8.png,1,5136,25,16,,,,,,,5,415,10,416,20,,,,,231,1,à»à»à»°¡
511,E1,#hoarstone_icon_stoneEquip_9.png,1,704,,,,,,,,,1,,,,,,,,,24,1,à»à»à»°¡
512,E2,#hoarstone_icon_stoneEquip_10.png,23,2,,,,,,,,,1,,,,,,,,,10,1,à»à»à»°¡
513,E3,#hoarstone_icon_stoneEquip_11.png,3,9,,,,,,,,,1,,,,,,,,,41,1,à»à»à»°¡
514,E4,#hoarstone_icon_stoneEquip_12.png,25,2,,,,,,,,,1,,,,,,,,,7,1,à»à»à»°¡
515,E5,#hoarstone_icon_stoneEquip_1.png,10,9,,,,,,,,,1,,,,,,,,,90,1,à»à»à»°¡
516,E6,#hoarstone_icon_stoneEquip_2.png,1,576,,,,,,,,,1,,,,,,,,,20,1,à»à»à»°¡
521,EE1,#hoarstone_icon_stoneEquip_3.png,1,960,,,,,,,,,2,511,1,512,1,,,,,33,1,à»à»à»°¡
522,EE2,#hoarstone_icon_stoneEquip_4.png,23,3,,,,,,,,,2,513,1,514,1,,,,,15,1,à»à»à»°¡
523,EE3,#hoarstone_icon_stoneEquip_5.png,3,14,,,,,,,,,2,515,1,516,1,,,,,63,1,à»à»à»°¡
524,EE4,#hoarstone_icon_stoneEquip_6.png,25,3,,,,,,,,,2,511,3,,,,,,,11,1,à»à»à»°¡
525,EE5,#hoarstone_icon_stoneEquip_7.png,10,13,,,,,,,,,2,512,3,,,,,,,130,1,à»à»à»°¡
526,EE6,#hoarstone_icon_stoneEquip_8.png,1,960,,,,,,,,,2,513,3,,,,,,,33,1,à»à»à»°¡
527,EE7,#hoarstone_icon_stoneEquip_9.png,1,0,,,,,,,,,2,514,3,,,,,,,0,1,à»à»à»°¡
528,EE8,#hoarstone_icon_stoneEquip_10.png,1,0,,,,,,,,,2,515,3,,,,,,,0,1,à»à»à»°¡
529,EE9,#hoarstone_icon_stoneEquip_11.png,1,0,,,,,,,,,2,516,3,,,,,,,0,1,à»à»à»°¡
531,EEE1,#hoarstone_icon_stoneEquip_12.png,1,1920,23,7,,,,,,,3,511,3,514,3,,,,,100,1,à»à»à»°¡
532,EEE2,#hoarstone_icon_stoneEquip_1.png,1,1920,3,28,,,,,,,3,512,3,515,3,,,,,191,1,à»à»à»°¡
533,EEE3,#hoarstone_icon_stoneEquip_2.png,1,1920,25,6,,,,,,,3,513,3,516,3,,,,,86,1,à»à»à»°¡
541,EEEE1,#hoarstone_icon_stoneEquip_3.png,1,3200,,,,,,,,,4,511,5,513,5,515,5,,,109,1,à»à»à»°¡
542,EEEE2,#hoarstone_icon_stoneEquip_4.png,3,48,,,,,,,,,4,512,5,514,5,516,5,,,216,1,à»à»à»°¡
551,EEEEE1,#hoarstone_icon_stoneEquip_5.png,1,5139,23,19,,,,,,,5,511,10,512,10,513,10,,,270,1,à»à»à»°¡
552,EEEEE2,#hoarstone_icon_stoneEquip_6.png,3,96,23,19,,,,,,,5,514,10,515,10,516,10,,,527,1,à»à»à»°¡
553,EEEEE3,#hoarstone_icon_stoneEquip_7.png,1,5197,3,77,,,,,,,5,511,10,515,10,516,10,,,523,1,à»à»à»°¡
554,EEEEE4,#hoarstone_icon_stoneEquip_8.png,3,93,25,16,,,,,,,5,511,10,512,20,,,,,475,1,à»à»à»°¡
555,EEEEE5,#hoarstone_icon_stoneEquip_9.png,10,72,25,16,,,,,,,5,513,10,514,20,,,,,776,1,à»à»à»°¡
556,EEEEE6,#hoarstone_icon_stoneEquip_10.png,1,5136,25,16,,,,,,,5,515,10,516,20,,,,,231,1,à»à»à»°¡
611,F1,#hoarstone_icon_stoneEquip_11.png,1,704,,,,,,,,,1,,,,,,,,,24,1,à»à»à»°¡
612,F2,#hoarstone_icon_stoneEquip_12.png,23,2,,,,,,,,,1,,,,,,,,,10,1,à»à»à»°¡
613,F3,#hoarstone_icon_stoneEquip_1.png,3,9,,,,,,,,,1,,,,,,,,,41,1,à»à»à»°¡
614,F4,#hoarstone_icon_stoneEquip_2.png,25,2,,,,,,,,,1,,,,,,,,,7,1,à»à»à»°¡
615,F5,#hoarstone_icon_stoneEquip_3.png,10,9,,,,,,,,,1,,,,,,,,,90,1,à»à»à»°¡
616,F6,#hoarstone_icon_stoneEquip_4.png,1,576,,,,,,,,,1,,,,,,,,,20,1,à»à»à»°¡
621,FF1,#hoarstone_icon_stoneEquip_5.png,1,960,,,,,,,,,2,611,1,612,1,,,,,33,1,à»à»à»°¡
622,FF2,#hoarstone_icon_stoneEquip_6.png,23,3,,,,,,,,,2,613,1,614,1,,,,,15,1,à»à»à»°¡
623,FF3,#hoarstone_icon_stoneEquip_7.png,3,14,,,,,,,,,2,615,1,616,1,,,,,63,1,à»à»à»°¡
624,FF4,#hoarstone_icon_stoneEquip_8.png,25,3,,,,,,,,,2,611,3,,,,,,,11,1,à»à»à»°¡
625,FF5,#hoarstone_icon_stoneEquip_9.png,10,13,,,,,,,,,2,612,3,,,,,,,130,1,à»à»à»°¡
626,FF6,#hoarstone_icon_stoneEquip_10.png,1,960,,,,,,,,,2,613,3,,,,,,,33,1,à»à»à»°¡
627,FF7,#hoarstone_icon_stoneEquip_11.png,1,0,,,,,,,,,2,614,3,,,,,,,0,1,à»à»à»°¡
628,FF8,#hoarstone_icon_stoneEquip_12.png,1,0,,,,,,,,,2,615,3,,,,,,,0,1,à»à»à»°¡
629,FF9,#hoarstone_icon_stoneEquip_1.png,1,0,,,,,,,,,2,616,3,,,,,,,0,1,à»à»à»°¡
631,FFF1,#hoarstone_icon_stoneEquip_2.png,1,1920,23,7,,,,,,,3,611,3,614,3,,,,,100,1,à»à»à»°¡
632,FFF2,#hoarstone_icon_stoneEquip_3.png,1,1920,3,28,,,,,,,3,612,3,615,3,,,,,191,1,à»à»à»°¡
633,FFF3,#hoarstone_icon_stoneEquip_4.png,1,1920,25,6,,,,,,,3,613,3,616,3,,,,,86,1,à»à»à»°¡
641,FFFF1,#hoarstone_icon_stoneEquip_5.png,1,3200,,,,,,,,,4,611,5,613,5,615,5,,,109,1,à»à»à»°¡
642,FFFF2,#hoarstone_icon_stoneEquip_6.png,3,48,,,,,,,,,4,612,5,614,5,616,5,,,216,1,à»à»à»°¡
651,FFFFF1,#hoarstone_icon_stoneEquip_7.png,1,5139,23,19,,,,,,,5,611,10,612,10,613,10,,,270,1,à»à»à»°¡
652,FFFFF2,#hoarstone_icon_stoneEquip_8.png,3,96,23,19,,,,,,,5,614,10,615,10,616,10,,,527,1,à»à»à»°¡
653,FFFFF3,#hoarstone_icon_stoneEquip_9.png,1,5197,3,77,,,,,,,5,611,10,615,10,616,10,,,523,1,à»à»à»°¡
654,FFFFF4,#hoarstone_icon_stoneEquip_10.png,3,93,25,16,,,,,,,5,611,10,612,20,,,,,475,1,à»à»à»°¡
655,FFFFF5,#hoarstone_icon_stoneEquip_11.png,10,72,25,16,,,,,,,5,613,10,614,20,,,,,776,1,à»à»à»°¡
656,FFFFF6,#hoarstone_icon_stoneEquip_12.png,1,5136,25,16,,,,,,,5,615,10,616,20,,,,,231,1,à»à»à»°¡
