id,name,desc,res,attackpower,HP,briberycost,score,quality,,,,,,,,,,,,,,,,,,,,,,,,,,,,,,,,,,,,,,,,,,,,,,,,
11001,Í­´¸,1,monster0001,10,20,30,5,2,,,,,,,,,,,,,,,,,,,,,,,,,,,,,,,,,,,,,,,,,,,,,,,,
11002,Ä§»¯Ã¨,1,monster0005,10,20,30,5,2,,,,,,,,,,,,,,,,,,,,,,,,,,,,,,,,,,,,,,,,,,,,,,,,
11003,Ð¡À×¹«,1,monster0006,10,20,30,5,2,,,,,,,,,,,,,,,,,,,,,,,,,,,,,,,,,,,,,,,,,,,,,,,,
11011,ÄÉÀ¼×ÚÖ÷,1,monster0008,10,20,30,5,2,,,,,,,,,,,,,,,,,,,,,,,,,,,,,,,,,,,,,,,,,,,,,,,,
11012,Â¼×Ú×ÚÖ÷,1,monster0009,10,20,30,5,2,,,,,,,,,,,,,,,,,,,,,,,,,,,,,,,,,,,,,,,,,,,,,,,,
11013,ÈÙ¹â,1,monster0010,10,20,30,5,2,,,,,,,,,,,,,,,,,,,,,,,,,,,,,,,,,,,,,,,,,,,,,,,,
11021,Î÷ÃÅ×ÚÖ÷,2,monster0011,11,25,36,6,2,,,,,,,,,,,,,,,,,,,,,,,,,,,,,,,,,,,,,,,,,,,,,,,,
11022,ÖÒ,2,monster0013,11,25,36,6,2,,,,,,,,,,,,,,,,,,,,,,,,,,,,,,,,,,,,,,,,,,,,,,,,
11023,ÁéÎý,2,monster0014,11,25,36,6,2,,,,,,,,,,,,,,,,,,,,,,,,,,,,,,,,,,,,,,,,,,,,,,,,
11031,ÐÞ,3,monster0017,12,30,42,7,2,,,,,,,,,,,,,,,,,,,,,,,,,,,,,,,,,,,,,,,,,,,,,,,,
11032,Ìúµ¨,3,monster0018,12,30,42,7,2,,,,,,,,,,,,,,,,,,,,,,,,,,,,,,,,,,,,,,,,,,,,,,,,
11033,×·»ê,3,monster0019,12,30,42,7,2,,,,,,,,,,,,,,,,,,,,,,,,,,,,,,,,,,,,,,,,,,,,,,,,
11041,Ááçç,4,monster0020,13,35,48,8,2,,,,,,,,,,,,,,,,,,,,,,,,,,,,,,,,,,,,,,,,,,,,,,,,
11042,¹íºï¶ù,4,monster0021,13,35,48,8,2,,,,,,,,,,,,,,,,,,,,,,,,,,,,,,,,,,,,,,,,,,,,,,,,
11043,Íò½Ù±Þ,4,monster0022,13,35,48,8,2,,,,,,,,,,,,,,,,,,,,,,,,,,,,,,,,,,,,,,,,,,,,,,,,
11051,Ë÷ÃüÐÞÂÞ,5,monster0024,14,40,54,9,2,,,,,,,,,,,,,,,,,,,,,,,,,,,,,,,,,,,,,,,,,,,,,,,,
11052,¶¾ÀÉ¾ý,5,monster0026,14,40,54,9,2,,,,,,,,,,,,,,,,,,,,,,,,,,,,,,,,,,,,,,,,,,,,,,,,
11053,ÆßÀÉ,5,monster0027,14,40,54,9,2,,,,,,,,,,,,,,,,,,,,,,,,,,,,,,,,,,,,,,,,,,,,,,,,
11061,ÊØÒ¹ÈË,6,monster0028,13,35,60,10,2,,,,,,,,,,,,,,,,,,,,,,,,,,,,,,,,,,,,,,,,,,,,,,,,
11062,ÉñÐÐ¿Í,6,monster0029,13,35,60,10,2,,,,,,,,,,,,,,,,,,,,,,,,,,,,,,,,,,,,,,,,,,,,,,,,
11063,Éã»êÁé¹Ù,6,monster0030,13,35,60,10,2,,,,,,,,,,,,,,,,,,,,,,,,,,,,,,,,,,,,,,,,,,,,,,,,
11071,½ÐÌì,7,monster0031,14,40,66,11,2,,,,,,,,,,,,,,,,,,,,,,,,,,,,,,,,,,,,,,,,,,,,,,,,
11072,¶áÃü,7,monster0032,14,40,66,11,2,,,,,,,,,,,,,,,,,,,,,,,,,,,,,,,,,,,,,,,,,,,,,,,,
11073,¶Å¿µ,7,monster0033,14,40,66,11,2,,,,,,,,,,,,,,,,,,,,,,,,,,,,,,,,,,,,,,,,,,,,,,,,
11081,Ë®ÉÏÆ¯,8,monster0036,15,45,72,12,2,,,,,,,,,,,,,,,,,,,,,,,,,,,,,,,,,,,,,,,,,,,,,,,,
11082,Ã§Í·ÍÓ,8,monster0039,15,45,72,12,2,,,,,,,,,,,,,,,,,,,,,,,,,,,,,,,,,,,,,,,,,,,,,,,,
11083,Ð¡³óÃ·»¨,8,monster0040,15,45,72,12,2,,,,,,,,,,,,,,,,,,,,,,,,,,,,,,,,,,,,,,,,,,,,,,,,
11091,Ð¡³ó·½Æ¬,9,monster0041,16,50,78,13,2,,,,,,,,,,,,,,,,,,,,,,,,,,,,,,,,,,,,,,,,,,,,,,,,
11092,»¢ÃÃ,9,monster0042,16,50,78,13,2,,,,,,,,,,,,,,,,,,,,,,,,,,,,,,,,,,,,,,,,,,,,,,,,
11093,ÖÓÎÞÑÞ,9,monster0045,16,50,78,13,2,,,,,,,,,,,,,,,,,,,,,,,,,,,,,,,,,,,,,,,,,,,,,,,,
11101,Í­´¸,10,monster0001,17,55,84,14,2,,,,,,,,,,,,,,,,,,,,,,,,,,,,,,,,,,,,,,,,,,,,,,,,
11102,Ä§»¯Ã¨,10,monster0005,17,55,84,14,2,,,,,,,,,,,,,,,,,,,,,,,,,,,,,,,,,,,,,,,,,,,,,,,,
11103,Ð¡À×¹«,10,monster0006,17,55,84,14,2,,,,,,,,,,,,,,,,,,,,,,,,,,,,,,,,,,,,,,,,,,,,,,,,
11111,ÄÉÀ¼×ÚÖ÷,11,monster0008,16,50,90,15,2,,,,,,,,,,,,,,,,,,,,,,,,,,,,,,,,,,,,,,,,,,,,,,,,
11112,Â¼×Ú×ÚÖ÷,11,monster0009,16,50,90,15,2,,,,,,,,,,,,,,,,,,,,,,,,,,,,,,,,,,,,,,,,,,,,,,,,
11113,ÈÙ¹â,11,monster0010,16,50,90,15,2,,,,,,,,,,,,,,,,,,,,,,,,,,,,,,,,,,,,,,,,,,,,,,,,
11121,Î÷ÃÅ×ÚÖ÷,12,monster0011,17,55,96,16,2,,,,,,,,,,,,,,,,,,,,,,,,,,,,,,,,,,,,,,,,,,,,,,,,
11122,ÖÒ,12,monster0013,17,55,96,16,2,,,,,,,,,,,,,,,,,,,,,,,,,,,,,,,,,,,,,,,,,,,,,,,,
11123,ÁéÎý,12,monster0014,17,55,96,16,2,,,,,,,,,,,,,,,,,,,,,,,,,,,,,,,,,,,,,,,,,,,,,,,,
11131,ÐÞ,13,monster0017,18,60,102,17,2,,,,,,,,,,,,,,,,,,,,,,,,,,,,,,,,,,,,,,,,,,,,,,,,
11132,Ìúµ¨,13,monster0018,18,60,102,17,2,,,,,,,,,,,,,,,,,,,,,,,,,,,,,,,,,,,,,,,,,,,,,,,,
11133,×·»ê,13,monster0019,18,60,102,17,2,,,,,,,,,,,,,,,,,,,,,,,,,,,,,,,,,,,,,,,,,,,,,,,,
11141,Ááçç,14,monster0020,24,90,108,18,2,,,,,,,,,,,,,,,,,,,,,,,,,,,,,,,,,,,,,,,,,,,,,,,,
11142,¹íºï¶ù,14,monster0021,24,90,108,18,2,,,,,,,,,,,,,,,,,,,,,,,,,,,,,,,,,,,,,,,,,,,,,,,,
11143,Íò½Ù±Þ,14,monster0022,24,90,108,18,2,,,,,,,,,,,,,,,,,,,,,,,,,,,,,,,,,,,,,,,,,,,,,,,,
11151,Ë÷ÃüÐÞÂÞ,15,monster0024,25,95,114,19,2,,,,,,,,,,,,,,,,,,,,,,,,,,,,,,,,,,,,,,,,,,,,,,,,
11152,¶¾ÀÉ¾ý,15,monster0026,25,95,114,19,2,,,,,,,,,,,,,,,,,,,,,,,,,,,,,,,,,,,,,,,,,,,,,,,,
11153,ÆßÀÉ,15,monster0027,25,95,114,19,2,,,,,,,,,,,,,,,,,,,,,,,,,,,,,,,,,,,,,,,,,,,,,,,,
11161,ÊØÒ¹ÈË,16,monster0028,24,90,120,20,2,,,,,,,,,,,,,,,,,,,,,,,,,,,,,,,,,,,,,,,,,,,,,,,,
11162,ÉñÐÐ¿Í,16,monster0029,24,90,120,20,2,,,,,,,,,,,,,,,,,,,,,,,,,,,,,,,,,,,,,,,,,,,,,,,,
11163,Éã»êÁé¹Ù,16,monster0030,24,90,120,20,2,,,,,,,,,,,,,,,,,,,,,,,,,,,,,,,,,,,,,,,,,,,,,,,,
11171,½ÐÌì,17,monster0031,25,95,126,21,2,,,,,,,,,,,,,,,,,,,,,,,,,,,,,,,,,,,,,,,,,,,,,,,,
11172,¶áÃü,17,monster0032,25,95,126,21,2,,,,,,,,,,,,,,,,,,,,,,,,,,,,,,,,,,,,,,,,,,,,,,,,
11173,¶Å¿µ,17,monster0033,25,95,126,21,2,,,,,,,,,,,,,,,,,,,,,,,,,,,,,,,,,,,,,,,,,,,,,,,,
11181,Ë®ÉÏÆ¯,18,monster0036,26,100,132,22,2,,,,,,,,,,,,,,,,,,,,,,,,,,,,,,,,,,,,,,,,,,,,,,,,
11182,Ã§Í·ÍÓ,18,monster0039,26,100,132,22,2,,,,,,,,,,,,,,,,,,,,,,,,,,,,,,,,,,,,,,,,,,,,,,,,
11183,Ð¡³óÃ·»¨,18,monster0040,26,100,132,22,2,,,,,,,,,,,,,,,,,,,,,,,,,,,,,,,,,,,,,,,,,,,,,,,,
11191,Ð¡³ó·½Æ¬,19,monster0041,32,130,138,23,2,,,,,,,,,,,,,,,,,,,,,,,,,,,,,,,,,,,,,,,,,,,,,,,,
11192,»¢ÃÃ,19,monster0042,32,130,138,23,2,,,,,,,,,,,,,,,,,,,,,,,,,,,,,,,,,,,,,,,,,,,,,,,,
11193,ÖÓÎÞÑÞ,19,monster0045,32,130,138,23,2,,,,,,,,,,,,,,,,,,,,,,,,,,,,,,,,,,,,,,,,,,,,,,,,
11201,Í­´¸,20,monster0001,39,165,144,24,2,,,,,,,,,,,,,,,,,,,,,,,,,,,,,,,,,,,,,,,,,,,,,,,,
11202,Ä§»¯Ã¨,20,monster0005,39,165,144,24,2,,,,,,,,,,,,,,,,,,,,,,,,,,,,,,,,,,,,,,,,,,,,,,,,
11203,Ð¡À×¹«,20,monster0006,39,165,144,24,2,,,,,,,,,,,,,,,,,,,,,,,,,,,,,,,,,,,,,,,,,,,,,,,,
11211,ÄÉÀ¼×ÚÖ÷,21,monster0008,38,160,150,25,2,,,,,,,,,,,,,,,,,,,,,,,,,,,,,,,,,,,,,,,,,,,,,,,,
11212,Â¼×Ú×ÚÖ÷,21,monster0009,38,160,150,25,2,,,,,,,,,,,,,,,,,,,,,,,,,,,,,,,,,,,,,,,,,,,,,,,,
11213,ÈÙ¹â,21,monster0010,38,160,150,25,2,,,,,,,,,,,,,,,,,,,,,,,,,,,,,,,,,,,,,,,,,,,,,,,,
11221,Î÷ÃÅ×ÚÖ÷,22,monster0011,39,165,156,26,2,,,,,,,,,,,,,,,,,,,,,,,,,,,,,,,,,,,,,,,,,,,,,,,,
11222,ÖÒ,22,monster0013,39,165,156,26,2,,,,,,,,,,,,,,,,,,,,,,,,,,,,,,,,,,,,,,,,,,,,,,,,
11223,ÁéÎý,22,monster0014,39,165,156,26,2,,,,,,,,,,,,,,,,,,,,,,,,,,,,,,,,,,,,,,,,,,,,,,,,
11231,ÐÞ,23,monster0017,40,170,162,27,2,,,,,,,,,,,,,,,,,,,,,,,,,,,,,,,,,,,,,,,,,,,,,,,,
11232,Ìúµ¨,23,monster0018,40,170,162,27,2,,,,,,,,,,,,,,,,,,,,,,,,,,,,,,,,,,,,,,,,,,,,,,,,
11233,×·»ê,23,monster0019,40,170,162,27,2,,,,,,,,,,,,,,,,,,,,,,,,,,,,,,,,,,,,,,,,,,,,,,,,
11241,Ááçç,24,monster0020,46,200,168,28,2,,,,,,,,,,,,,,,,,,,,,,,,,,,,,,,,,,,,,,,,,,,,,,,,
11242,¹íºï¶ù,24,monster0021,46,200,168,28,2,,,,,,,,,,,,,,,,,,,,,,,,,,,,,,,,,,,,,,,,,,,,,,,,
11243,Íò½Ù±Þ,24,monster0022,46,200,168,28,2,,,,,,,,,,,,,,,,,,,,,,,,,,,,,,,,,,,,,,,,,,,,,,,,
11251,Ë÷ÃüÐÞÂÞ,25,monster0024,60,270,174,29,2,,,,,,,,,,,,,,,,,,,,,,,,,,,,,,,,,,,,,,,,,,,,,,,,
11252,¶¾ÀÉ¾ý,25,monster0026,60,270,174,29,2,,,,,,,,,,,,,,,,,,,,,,,,,,,,,,,,,,,,,,,,,,,,,,,,
11253,ÆßÀÉ,25,monster0027,60,270,174,29,2,,,,,,,,,,,,,,,,,,,,,,,,,,,,,,,,,,,,,,,,,,,,,,,,
11261,ÊØÒ¹ÈË,26,monster0028,59,265,180,30,2,,,,,,,,,,,,,,,,,,,,,,,,,,,,,,,,,,,,,,,,,,,,,,,,
11262,ÉñÐÐ¿Í,26,monster0029,59,265,180,30,2,,,,,,,,,,,,,,,,,,,,,,,,,,,,,,,,,,,,,,,,,,,,,,,,
11263,Éã»êÁé¹Ù,26,monster0030,59,265,180,30,2,,,,,,,,,,,,,,,,,,,,,,,,,,,,,,,,,,,,,,,,,,,,,,,,
11271,½ÐÌì,27,monster0031,60,270,240,40,3,,,,,,,,,,,,,,,,,,,,,,,,,,,,,,,,,,,,,,,,,,,,,,,,
11272,¶áÃü,27,monster0032,60,270,240,40,3,,,,,,,,,,,,,,,,,,,,,,,,,,,,,,,,,,,,,,,,,,,,,,,,
11273,¶Å¿µ,27,monster0033,60,270,240,40,3,,,,,,,,,,,,,,,,,,,,,,,,,,,,,,,,,,,,,,,,,,,,,,,,
11281,Ë®ÉÏÆ¯,28,monster0036,61,275,300,50,3,,,,,,,,,,,,,,,,,,,,,,,,,,,,,,,,,,,,,,,,,,,,,,,,
11282,Ã§Í·ÍÓ,28,monster0039,61,275,300,50,3,,,,,,,,,,,,,,,,,,,,,,,,,,,,,,,,,,,,,,,,,,,,,,,,
11283,Ð¡³óÃ·»¨,28,monster0040,61,275,300,50,3,,,,,,,,,,,,,,,,,,,,,,,,,,,,,,,,,,,,,,,,,,,,,,,,
11291,Ð¡³ó·½Æ¬,29,monster0041,67,305,360,60,3,,,,,,,,,,,,,,,,,,,,,,,,,,,,,,,,,,,,,,,,,,,,,,,,
11292,»¢ÃÃ,29,monster0042,67,305,360,60,3,,,,,,,,,,,,,,,,,,,,,,,,,,,,,,,,,,,,,,,,,,,,,,,,
11293,ÖÓÎÞÑÞ,29,monster0045,67,305,360,60,3,,,,,,,,,,,,,,,,,,,,,,,,,,,,,,,,,,,,,,,,,,,,,,,,
11301,Ð¡³ó·½Æ¬,30,monster0041,89,415,420,70,4,,,,,,,,,,,,,,,,,,,,,,,,,,,,,,,,,,,,,,,,,,,,,,,,
11302,»¢ÃÃ,30,monster0042,89,415,420,70,4,,,,,,,,,,,,,,,,,,,,,,,,,,,,,,,,,,,,,,,,,,,,,,,,
11303,ÖÓÎÞÑÞ,30,monster0045,89,415,420,70,4,,,,,,,,,,,,,,,,,,,,,,,,,,,,,,,,,,,,,,,,,,,,,,,,
21001,Í­´¸,31,monster0001,94,440,426,71,2,,,,,,,,,,,,,,,,,,,,,,,,,,,,,,,,,,,,,,,,,,,,,,,,
21002,Ä§»¯Ã¨,31,monster0005,94,440,426,71,2,,,,,,,,,,,,,,,,,,,,,,,,,,,,,,,,,,,,,,,,,,,,,,,,
21003,Ð¡À×¹«,31,monster0006,94,440,426,71,2,,,,,,,,,,,,,,,,,,,,,,,,,,,,,,,,,,,,,,,,,,,,,,,,
21004,ÄÉÀ¼×ÚÖ÷,31,monster0008,94,440,426,71,2,,,,,,,,,,,,,,,,,,,,,,,,,,,,,,,,,,,,,,,,,,,,,,,,
21005,Â¼×Ú×ÚÖ÷,31,monster0009,94,440,426,71,2,,,,,,,,,,,,,,,,,,,,,,,,,,,,,,,,,,,,,,,,,,,,,,,,
21006,ÈÙ¹â,31,monster0010,94,440,426,71,2,,,,,,,,,,,,,,,,,,,,,,,,,,,,,,,,,,,,,,,,,,,,,,,,
21007,Î÷ÃÅ×ÚÖ÷,32,monster0011,95,445,432,72,2,,,,,,,,,,,,,,,,,,,,,,,,,,,,,,,,,,,,,,,,,,,,,,,,
21008,ÖÒ,32,monster0013,95,445,432,72,2,,,,,,,,,,,,,,,,,,,,,,,,,,,,,,,,,,,,,,,,,,,,,,,,
21009,ÁéÎý,32,monster0014,95,445,432,72,2,,,,,,,,,,,,,,,,,,,,,,,,,,,,,,,,,,,,,,,,,,,,,,,,
21010,ÐÞ,33,monster0017,96,450,438,73,2,,,,,,,,,,,,,,,,,,,,,,,,,,,,,,,,,,,,,,,,,,,,,,,,
21011,Ìúµ¨,33,monster0018,96,450,438,73,2,,,,,,,,,,,,,,,,,,,,,,,,,,,,,,,,,,,,,,,,,,,,,,,,
21012,×·»ê,33,monster0019,96,450,438,73,2,,,,,,,,,,,,,,,,,,,,,,,,,,,,,,,,,,,,,,,,,,,,,,,,
21013,Ááçç,34,monster0020,102,480,444,74,2,,,,,,,,,,,,,,,,,,,,,,,,,,,,,,,,,,,,,,,,,,,,,,,,
21014,¹íºï¶ù,34,monster0021,102,480,444,74,2,,,,,,,,,,,,,,,,,,,,,,,,,,,,,,,,,,,,,,,,,,,,,,,,
21015,Íò½Ù±Þ,34,monster0022,102,480,444,74,2,,,,,,,,,,,,,,,,,,,,,,,,,,,,,,,,,,,,,,,,,,,,,,,,
21016,Ë÷ÃüÐÞÂÞ,35,monster0024,124,590,450,75,2,,,,,,,,,,,,,,,,,,,,,,,,,,,,,,,,,,,,,,,,,,,,,,,,
21017,¶¾ÀÉ¾ý,35,monster0026,124,590,450,75,2,,,,,,,,,,,,,,,,,,,,,,,,,,,,,,,,,,,,,,,,,,,,,,,,
21018,ÆßÀÉ,35,monster0027,124,590,450,75,2,,,,,,,,,,,,,,,,,,,,,,,,,,,,,,,,,,,,,,,,,,,,,,,,
21019,ÊØÒ¹ÈË,36,monster0028,129,615,456,76,2,,,,,,,,,,,,,,,,,,,,,,,,,,,,,,,,,,,,,,,,,,,,,,,,
21020,ÉñÐÐ¿Í,36,monster0029,129,615,456,76,2,,,,,,,,,,,,,,,,,,,,,,,,,,,,,,,,,,,,,,,,,,,,,,,,
21021,Éã»êÁé¹Ù,36,monster0030,129,615,456,76,2,,,,,,,,,,,,,,,,,,,,,,,,,,,,,,,,,,,,,,,,,,,,,,,,
21022,½ÐÌì,37,monster0031,155,745,462,77,2,,,,,,,,,,,,,,,,,,,,,,,,,,,,,,,,,,,,,,,,,,,,,,,,
21023,¶áÃü,37,monster0032,155,745,462,77,2,,,,,,,,,,,,,,,,,,,,,,,,,,,,,,,,,,,,,,,,,,,,,,,,
21024,¶Å¿µ,37,monster0033,155,745,462,77,2,,,,,,,,,,,,,,,,,,,,,,,,,,,,,,,,,,,,,,,,,,,,,,,,
21025,Ë®ÉÏÆ¯,38,monster0036,156,750,468,78,2,,,,,,,,,,,,,,,,,,,,,,,,,,,,,,,,,,,,,,,,,,,,,,,,
21026,Ã§Í·ÍÓ,38,monster0039,156,750,468,78,2,,,,,,,,,,,,,,,,,,,,,,,,,,,,,,,,,,,,,,,,,,,,,,,,
21027,Ð¡³óÃ·»¨,38,monster0040,156,750,468,78,2,,,,,,,,,,,,,,,,,,,,,,,,,,,,,,,,,,,,,,,,,,,,,,,,
21028,Ð¡³ó·½Æ¬,39,monster0041,162,780,474,79,2,,,,,,,,,,,,,,,,,,,,,,,,,,,,,,,,,,,,,,,,,,,,,,,,
21029,»¢ÃÃ,39,monster0042,162,780,474,79,2,,,,,,,,,,,,,,,,,,,,,,,,,,,,,,,,,,,,,,,,,,,,,,,,
21030,ÖÓÎÞÑÞ,39,monster0045,162,780,474,79,2,,,,,,,,,,,,,,,,,,,,,,,,,,,,,,,,,,,,,,,,,,,,,,,,
21031,Í­´¸,40,monster0001,184,890,480,80,2,,,,,,,,,,,,,,,,,,,,,,,,,,,,,,,,,,,,,,,,,,,,,,,,
21032,Ä§»¯Ã¨,40,monster0005,184,890,480,80,2,,,,,,,,,,,,,,,,,,,,,,,,,,,,,,,,,,,,,,,,,,,,,,,,
21033,Ð¡À×¹«,40,monster0006,184,890,480,80,2,,,,,,,,,,,,,,,,,,,,,,,,,,,,,,,,,,,,,,,,,,,,,,,,
21034,ÄÉÀ¼×ÚÖ÷,41,monster0008,189,915,486,81,2,,,,,,,,,,,,,,,,,,,,,,,,,,,,,,,,,,,,,,,,,,,,,,,,
21035,Â¼×Ú×ÚÖ÷,41,monster0009,189,915,486,81,2,,,,,,,,,,,,,,,,,,,,,,,,,,,,,,,,,,,,,,,,,,,,,,,,
21036,ÈÙ¹â,41,monster0010,189,915,486,81,2,,,,,,,,,,,,,,,,,,,,,,,,,,,,,,,,,,,,,,,,,,,,,,,,
21037,Î÷ÃÅ×ÚÖ÷,42,monster0011,215,1045,492,82,2,,,,,,,,,,,,,,,,,,,,,,,,,,,,,,,,,,,,,,,,,,,,,,,,
21038,ÖÒ,42,monster0013,215,1045,492,82,2,,,,,,,,,,,,,,,,,,,,,,,,,,,,,,,,,,,,,,,,,,,,,,,,
21039,ÁéÎý,42,monster0014,215,1045,492,82,2,,,,,,,,,,,,,,,,,,,,,,,,,,,,,,,,,,,,,,,,,,,,,,,,
21040,ÐÞ,43,monster0017,236,1150,498,83,2,,,,,,,,,,,,,,,,,,,,,,,,,,,,,,,,,,,,,,,,,,,,,,,,
21041,Ìúµ¨,43,monster0018,236,1150,498,83,2,,,,,,,,,,,,,,,,,,,,,,,,,,,,,,,,,,,,,,,,,,,,,,,,
21042,×·»ê,43,monster0019,236,1150,498,83,2,,,,,,,,,,,,,,,,,,,,,,,,,,,,,,,,,,,,,,,,,,,,,,,,
21043,Ááçç,44,monster0020,242,1180,504,84,2,,,,,,,,,,,,,,,,,,,,,,,,,,,,,,,,,,,,,,,,,,,,,,,,
21044,¹íºï¶ù,44,monster0021,242,1180,504,84,2,,,,,,,,,,,,,,,,,,,,,,,,,,,,,,,,,,,,,,,,,,,,,,,,
21045,Íò½Ù±Þ,44,monster0022,242,1180,504,84,2,,,,,,,,,,,,,,,,,,,,,,,,,,,,,,,,,,,,,,,,,,,,,,,,
21046,Ë÷ÃüÐÞÂÞ,45,monster0024,264,1290,510,85,2,,,,,,,,,,,,,,,,,,,,,,,,,,,,,,,,,,,,,,,,,,,,,,,,
21047,¶¾ÀÉ¾ý,45,monster0026,264,1290,510,85,2,,,,,,,,,,,,,,,,,,,,,,,,,,,,,,,,,,,,,,,,,,,,,,,,
21048,ÆßÀÉ,45,monster0027,264,1290,510,85,2,,,,,,,,,,,,,,,,,,,,,,,,,,,,,,,,,,,,,,,,,,,,,,,,
21049,ÊØÒ¹ÈË,46,monster0028,269,1315,516,86,2,,,,,,,,,,,,,,,,,,,,,,,,,,,,,,,,,,,,,,,,,,,,,,,,
21050,ÉñÐÐ¿Í,46,monster0029,269,1315,516,86,2,,,,,,,,,,,,,,,,,,,,,,,,,,,,,,,,,,,,,,,,,,,,,,,,
21051,Éã»êÁé¹Ù,46,monster0030,269,1315,516,86,2,,,,,,,,,,,,,,,,,,,,,,,,,,,,,,,,,,,,,,,,,,,,,,,,
21052,½ÐÌì,47,monster0031,295,1445,522,87,2,,,,,,,,,,,,,,,,,,,,,,,,,,,,,,,,,,,,,,,,,,,,,,,,
21053,¶áÃü,47,monster0032,295,1445,522,87,2,,,,,,,,,,,,,,,,,,,,,,,,,,,,,,,,,,,,,,,,,,,,,,,,
21054,¶Å¿µ,47,monster0033,295,1445,522,87,2,,,,,,,,,,,,,,,,,,,,,,,,,,,,,,,,,,,,,,,,,,,,,,,,
21055,Ë®ÉÏÆ¯,48,monster0036,316,1550,528,88,2,,,,,,,,,,,,,,,,,,,,,,,,,,,,,,,,,,,,,,,,,,,,,,,,
21056,Ã§Í·ÍÓ,48,monster0039,316,1550,528,88,2,,,,,,,,,,,,,,,,,,,,,,,,,,,,,,,,,,,,,,,,,,,,,,,,
21057,Ð¡³óÃ·»¨,48,monster0040,316,1550,528,88,2,,,,,,,,,,,,,,,,,,,,,,,,,,,,,,,,,,,,,,,,,,,,,,,,
21058,Ð¡³ó·½Æ¬,49,monster0041,322,1580,534,89,2,,,,,,,,,,,,,,,,,,,,,,,,,,,,,,,,,,,,,,,,,,,,,,,,
21059,»¢ÃÃ,49,monster0042,322,1580,534,89,2,,,,,,,,,,,,,,,,,,,,,,,,,,,,,,,,,,,,,,,,,,,,,,,,
21060,ÖÓÎÞÑÞ,49,monster0045,322,1580,534,89,2,,,,,,,,,,,,,,,,,,,,,,,,,,,,,,,,,,,,,,,,,,,,,,,,
21061,Í­´¸,50,monster0001,369,1815,540,90,2,,,,,,,,,,,,,,,,,,,,,,,,,,,,,,,,,,,,,,,,,,,,,,,,
21062,Ä§»¯Ã¨,50,monster0005,369,1815,540,90,2,,,,,,,,,,,,,,,,,,,,,,,,,,,,,,,,,,,,,,,,,,,,,,,,
21063,Ð¡À×¹«,50,monster0006,369,1815,540,90,2,,,,,,,,,,,,,,,,,,,,,,,,,,,,,,,,,,,,,,,,,,,,,,,,
21064,ÄÉÀ¼×ÚÖ÷,51,monster0008,374,1840,546,91,2,,,,,,,,,,,,,,,,,,,,,,,,,,,,,,,,,,,,,,,,,,,,,,,,
21065,Â¼×Ú×ÚÖ÷,51,monster0009,374,1840,546,91,2,,,,,,,,,,,,,,,,,,,,,,,,,,,,,,,,,,,,,,,,,,,,,,,,
21066,ÈÙ¹â,51,monster0010,374,1840,546,91,2,,,,,,,,,,,,,,,,,,,,,,,,,,,,,,,,,,,,,,,,,,,,,,,,
21067,Î÷ÃÅ×ÚÖ÷,52,monster0011,400,1970,552,92,2,,,,,,,,,,,,,,,,,,,,,,,,,,,,,,,,,,,,,,,,,,,,,,,,
21068,ÖÒ,52,monster0013,400,1970,552,92,2,,,,,,,,,,,,,,,,,,,,,,,,,,,,,,,,,,,,,,,,,,,,,,,,
21069,ÁéÎý,52,monster0014,400,1970,552,92,2,,,,,,,,,,,,,,,,,,,,,,,,,,,,,,,,,,,,,,,,,,,,,,,,
21070,ÐÞ,53,monster0017,421,2075,558,93,2,,,,,,,,,,,,,,,,,,,,,,,,,,,,,,,,,,,,,,,,,,,,,,,,
21071,Ìúµ¨,53,monster0018,421,2075,558,93,2,,,,,,,,,,,,,,,,,,,,,,,,,,,,,,,,,,,,,,,,,,,,,,,,
21072,×·»ê,53,monster0019,421,2075,558,93,2,,,,,,,,,,,,,,,,,,,,,,,,,,,,,,,,,,,,,,,,,,,,,,,,
21073,Ááçç,54,monster0020,427,2105,564,94,2,,,,,,,,,,,,,,,,,,,,,,,,,,,,,,,,,,,,,,,,,,,,,,,,
21074,¹íºï¶ù,54,monster0021,427,2105,564,94,2,,,,,,,,,,,,,,,,,,,,,,,,,,,,,,,,,,,,,,,,,,,,,,,,
21075,Íò½Ù±Þ,54,monster0022,427,2105,564,94,2,,,,,,,,,,,,,,,,,,,,,,,,,,,,,,,,,,,,,,,,,,,,,,,,
21076,Ë÷ÃüÐÞÂÞ,55,monster0024,474,2340,570,95,2,,,,,,,,,,,,,,,,,,,,,,,,,,,,,,,,,,,,,,,,,,,,,,,,
21077,¶¾ÀÉ¾ý,55,monster0026,474,2340,570,95,2,,,,,,,,,,,,,,,,,,,,,,,,,,,,,,,,,,,,,,,,,,,,,,,,
21078,ÆßÀÉ,55,monster0027,474,2340,570,95,2,,,,,,,,,,,,,,,,,,,,,,,,,,,,,,,,,,,,,,,,,,,,,,,,
21079,ÊØÒ¹ÈË,56,monster0028,509,2515,576,96,2,,,,,,,,,,,,,,,,,,,,,,,,,,,,,,,,,,,,,,,,,,,,,,,,
21080,ÉñÐÐ¿Í,56,monster0029,509,2515,576,96,2,,,,,,,,,,,,,,,,,,,,,,,,,,,,,,,,,,,,,,,,,,,,,,,,
21081,Éã»êÁé¹Ù,56,monster0030,509,2515,576,96,2,,,,,,,,,,,,,,,,,,,,,,,,,,,,,,,,,,,,,,,,,,,,,,,,
21082,½ÐÌì,57,monster0031,535,2645,582,97,3,,,,,,,,,,,,,,,,,,,,,,,,,,,,,,,,,,,,,,,,,,,,,,,,
21083,¶áÃü,57,monster0032,535,2645,582,97,3,,,,,,,,,,,,,,,,,,,,,,,,,,,,,,,,,,,,,,,,,,,,,,,,
21084,¶Å¿µ,57,monster0033,535,2645,582,97,3,,,,,,,,,,,,,,,,,,,,,,,,,,,,,,,,,,,,,,,,,,,,,,,,
21085,Ë®ÉÏÆ¯,58,monster0036,556,2750,588,98,3,,,,,,,,,,,,,,,,,,,,,,,,,,,,,,,,,,,,,,,,,,,,,,,,
21086,Ã§Í·ÍÓ,58,monster0039,556,2750,588,98,3,,,,,,,,,,,,,,,,,,,,,,,,,,,,,,,,,,,,,,,,,,,,,,,,
21087,Ð¡³óÃ·»¨,58,monster0040,556,2750,588,98,3,,,,,,,,,,,,,,,,,,,,,,,,,,,,,,,,,,,,,,,,,,,,,,,,
21088,Ð¡³ó·½Æ¬,59,monster0041,562,2780,594,99,3,,,,,,,,,,,,,,,,,,,,,,,,,,,,,,,,,,,,,,,,,,,,,,,,
21089,»¢ÃÃ,59,monster0042,562,2780,594,99,3,,,,,,,,,,,,,,,,,,,,,,,,,,,,,,,,,,,,,,,,,,,,,,,,
21090,ÖÓÎÞÑÞ,59,monster0045,562,2780,594,99,3,,,,,,,,,,,,,,,,,,,,,,,,,,,,,,,,,,,,,,,,,,,,,,,,
21091,Ð¡³ó·½Æ¬,60,monster0041,609,3015,600,100,4,,,,,,,,,,,,,,,,,,,,,,,,,,,,,,,,,,,,,,,,,,,,,,,,
21092,»¢ÃÃ,60,monster0042,609,3015,600,100,4,,,,,,,,,,,,,,,,,,,,,,,,,,,,,,,,,,,,,,,,,,,,,,,,
21093,ÖÓÎÞÑÞ,60,monster0045,609,3015,600,100,4,,,,,,,,,,,,,,,,,,,,,,,,,,,,,,,,,,,,,,,,,,,,,,,,
21094,Í­´¸,61,monster0001,644,3190,606,101,2,,,,,,,,,,,,,,,,,,,,,,,,,,,,,,,,,,,,,,,,,,,,,,,,
21095,Ä§»¯Ã¨,61,monster0005,644,3190,606,101,2,,,,,,,,,,,,,,,,,,,,,,,,,,,,,,,,,,,,,,,,,,,,,,,,
21096,Ð¡À×¹«,61,monster0006,644,3190,606,101,2,,,,,,,,,,,,,,,,,,,,,,,,,,,,,,,,,,,,,,,,,,,,,,,,
21097,ÄÉÀ¼×ÚÖ÷,61,monster0008,644,3190,606,101,2,,,,,,,,,,,,,,,,,,,,,,,,,,,,,,,,,,,,,,,,,,,,,,,,
21098,Â¼×Ú×ÚÖ÷,61,monster0009,644,3190,606,101,2,,,,,,,,,,,,,,,,,,,,,,,,,,,,,,,,,,,,,,,,,,,,,,,,
21099,ÈÙ¹â,61,monster0010,644,3190,606,101,2,,,,,,,,,,,,,,,,,,,,,,,,,,,,,,,,,,,,,,,,,,,,,,,,
21100,Î÷ÃÅ×ÚÖ÷,62,monster0011,705,3495,612,102,2,,,,,,,,,,,,,,,,,,,,,,,,,,,,,,,,,,,,,,,,,,,,,,,,
21101,ÖÒ,62,monster0013,705,3495,612,102,2,,,,,,,,,,,,,,,,,,,,,,,,,,,,,,,,,,,,,,,,,,,,,,,,
21102,ÁéÎý,62,monster0014,705,3495,612,102,2,,,,,,,,,,,,,,,,,,,,,,,,,,,,,,,,,,,,,,,,,,,,,,,,
21103,ÐÞ,63,monster0017,726,3600,618,103,2,,,,,,,,,,,,,,,,,,,,,,,,,,,,,,,,,,,,,,,,,,,,,,,,
21104,Ìúµ¨,63,monster0018,726,3600,618,103,2,,,,,,,,,,,,,,,,,,,,,,,,,,,,,,,,,,,,,,,,,,,,,,,,
21105,×·»ê,63,monster0019,726,3600,618,103,2,,,,,,,,,,,,,,,,,,,,,,,,,,,,,,,,,,,,,,,,,,,,,,,,
21106,Ááçç,64,monster0020,732,3630,624,104,2,,,,,,,,,,,,,,,,,,,,,,,,,,,,,,,,,,,,,,,,,,,,,,,,
21107,¹íºï¶ù,64,monster0021,732,3630,624,104,2,,,,,,,,,,,,,,,,,,,,,,,,,,,,,,,,,,,,,,,,,,,,,,,,
21108,Íò½Ù±Þ,64,monster0022,732,3630,624,104,2,,,,,,,,,,,,,,,,,,,,,,,,,,,,,,,,,,,,,,,,,,,,,,,,
21109,Ë÷ÃüÐÞÂÞ,65,monster0024,779,3865,630,105,2,,,,,,,,,,,,,,,,,,,,,,,,,,,,,,,,,,,,,,,,,,,,,,,,
21110,¶¾ÀÉ¾ý,65,monster0026,779,3865,630,105,2,,,,,,,,,,,,,,,,,,,,,,,,,,,,,,,,,,,,,,,,,,,,,,,,
21111,ÆßÀÉ,65,monster0027,779,3865,630,105,2,,,,,,,,,,,,,,,,,,,,,,,,,,,,,,,,,,,,,,,,,,,,,,,,
21112,ÊØÒ¹ÈË,66,monster0028,814,4040,636,106,2,,,,,,,,,,,,,,,,,,,,,,,,,,,,,,,,,,,,,,,,,,,,,,,,
21113,ÉñÐÐ¿Í,66,monster0029,814,4040,636,106,2,,,,,,,,,,,,,,,,,,,,,,,,,,,,,,,,,,,,,,,,,,,,,,,,
21114,Éã»êÁé¹Ù,66,monster0030,814,4040,636,106,2,,,,,,,,,,,,,,,,,,,,,,,,,,,,,,,,,,,,,,,,,,,,,,,,
21115,½ÐÌì,67,monster0031,875,4345,642,107,2,,,,,,,,,,,,,,,,,,,,,,,,,,,,,,,,,,,,,,,,,,,,,,,,
21116,¶áÃü,67,monster0032,875,4345,642,107,2,,,,,,,,,,,,,,,,,,,,,,,,,,,,,,,,,,,,,,,,,,,,,,,,
21117,¶Å¿µ,67,monster0033,875,4345,642,107,2,,,,,,,,,,,,,,,,,,,,,,,,,,,,,,,,,,,,,,,,,,,,,,,,
21118,Ë®ÉÏÆ¯,68,monster0036,896,4450,648,108,2,,,,,,,,,,,,,,,,,,,,,,,,,,,,,,,,,,,,,,,,,,,,,,,,
21119,Ã§Í·ÍÓ,68,monster0039,896,4450,648,108,2,,,,,,,,,,,,,,,,,,,,,,,,,,,,,,,,,,,,,,,,,,,,,,,,
21120,Ð¡³óÃ·»¨,68,monster0040,896,4450,648,108,2,,,,,,,,,,,,,,,,,,,,,,,,,,,,,,,,,,,,,,,,,,,,,,,,
21121,Ð¡³ó·½Æ¬,69,monster0041,942,4680,654,109,2,,,,,,,,,,,,,,,,,,,,,,,,,,,,,,,,,,,,,,,,,,,,,,,,
21122,»¢ÃÃ,69,monster0042,942,4680,654,109,2,,,,,,,,,,,,,,,,,,,,,,,,,,,,,,,,,,,,,,,,,,,,,,,,
21123,ÖÓÎÞÑÞ,69,monster0045,942,4680,654,109,2,,,,,,,,,,,,,,,,,,,,,,,,,,,,,,,,,,,,,,,,,,,,,,,,
21124,Í­´¸,70,monster0001,989,4915,660,110,2,,,,,,,,,,,,,,,,,,,,,,,,,,,,,,,,,,,,,,,,,,,,,,,,
21125,Ä§»¯Ã¨,70,monster0005,989,4915,660,110,2,,,,,,,,,,,,,,,,,,,,,,,,,,,,,,,,,,,,,,,,,,,,,,,,
21126,Ð¡À×¹«,70,monster0006,989,4915,660,110,2,,,,,,,,,,,,,,,,,,,,,,,,,,,,,,,,,,,,,,,,,,,,,,,,
21127,ÄÉÀ¼×ÚÖ÷,71,monster0008,1024,5090,666,111,2,,,,,,,,,,,,,,,,,,,,,,,,,,,,,,,,,,,,,,,,,,,,,,,,
21128,Â¼×Ú×ÚÖ÷,71,monster0009,1024,5090,666,111,2,,,,,,,,,,,,,,,,,,,,,,,,,,,,,,,,,,,,,,,,,,,,,,,,
21129,ÈÙ¹â,71,monster0010,1024,5090,666,111,2,,,,,,,,,,,,,,,,,,,,,,,,,,,,,,,,,,,,,,,,,,,,,,,,
21130,Î÷ÃÅ×ÚÖ÷,72,monster0011,1085,5395,672,112,2,,,,,,,,,,,,,,,,,,,,,,,,,,,,,,,,,,,,,,,,,,,,,,,,
21131,ÖÒ,72,monster0013,1085,5395,672,112,2,,,,,,,,,,,,,,,,,,,,,,,,,,,,,,,,,,,,,,,,,,,,,,,,
21132,ÁéÎý,72,monster0014,1085,5395,672,112,2,,,,,,,,,,,,,,,,,,,,,,,,,,,,,,,,,,,,,,,,,,,,,,,,
21133,ÐÞ,73,monster0017,1106,5500,678,113,2,,,,,,,,,,,,,,,,,,,,,,,,,,,,,,,,,,,,,,,,,,,,,,,,
21134,Ìúµ¨,73,monster0018,1106,5500,678,113,2,,,,,,,,,,,,,,,,,,,,,,,,,,,,,,,,,,,,,,,,,,,,,,,,
21135,×·»ê,73,monster0019,1106,5500,678,113,2,,,,,,,,,,,,,,,,,,,,,,,,,,,,,,,,,,,,,,,,,,,,,,,,
21136,Ááçç,74,monster0020,1152,5730,684,114,2,,,,,,,,,,,,,,,,,,,,,,,,,,,,,,,,,,,,,,,,,,,,,,,,
21137,¹íºï¶ù,74,monster0021,1152,5730,684,114,2,,,,,,,,,,,,,,,,,,,,,,,,,,,,,,,,,,,,,,,,,,,,,,,,
21138,Íò½Ù±Þ,74,monster0022,1152,5730,684,114,2,,,,,,,,,,,,,,,,,,,,,,,,,,,,,,,,,,,,,,,,,,,,,,,,
21139,Ë÷ÃüÐÞÂÞ,75,monster0024,1244,6190,690,115,2,,,,,,,,,,,,,,,,,,,,,,,,,,,,,,,,,,,,,,,,,,,,,,,,
21140,¶¾ÀÉ¾ý,75,monster0026,1244,6190,690,115,2,,,,,,,,,,,,,,,,,,,,,,,,,,,,,,,,,,,,,,,,,,,,,,,,
21141,ÆßÀÉ,75,monster0027,1244,6190,690,115,2,,,,,,,,,,,,,,,,,,,,,,,,,,,,,,,,,,,,,,,,,,,,,,,,
21142,ÊØÒ¹ÈË,76,monster0028,1279,6365,696,116,2,,,,,,,,,,,,,,,,,,,,,,,,,,,,,,,,,,,,,,,,,,,,,,,,
21143,ÉñÐÐ¿Í,76,monster0029,1279,6365,696,116,2,,,,,,,,,,,,,,,,,,,,,,,,,,,,,,,,,,,,,,,,,,,,,,,,
21144,Éã»êÁé¹Ù,76,monster0030,1279,6365,696,116,2,,,,,,,,,,,,,,,,,,,,,,,,,,,,,,,,,,,,,,,,,,,,,,,,
21145,½ÐÌì,77,monster0031,1340,6670,702,117,2,,,,,,,,,,,,,,,,,,,,,,,,,,,,,,,,,,,,,,,,,,,,,,,,
21146,¶áÃü,77,monster0032,1340,6670,702,117,2,,,,,,,,,,,,,,,,,,,,,,,,,,,,,,,,,,,,,,,,,,,,,,,,
21147,¶Å¿µ,77,monster0033,1340,6670,702,117,2,,,,,,,,,,,,,,,,,,,,,,,,,,,,,,,,,,,,,,,,,,,,,,,,
21148,Ë®ÉÏÆ¯,78,monster0036,1361,6775,708,118,2,,,,,,,,,,,,,,,,,,,,,,,,,,,,,,,,,,,,,,,,,,,,,,,,
21149,Ã§Í·ÍÓ,78,monster0039,1361,6775,708,118,2,,,,,,,,,,,,,,,,,,,,,,,,,,,,,,,,,,,,,,,,,,,,,,,,
21150,Ð¡³óÃ·»¨,78,monster0040,1361,6775,708,118,2,,,,,,,,,,,,,,,,,,,,,,,,,,,,,,,,,,,,,,,,,,,,,,,,
21151,Ð¡³ó·½Æ¬,79,monster0041,1407,7005,714,119,2,,,,,,,,,,,,,,,,,,,,,,,,,,,,,,,,,,,,,,,,,,,,,,,,
21152,»¢ÃÃ,79,monster0042,1407,7005,714,119,2,,,,,,,,,,,,,,,,,,,,,,,,,,,,,,,,,,,,,,,,,,,,,,,,
21153,ÖÓÎÞÑÞ,79,monster0045,1407,7005,714,119,2,,,,,,,,,,,,,,,,,,,,,,,,,,,,,,,,,,,,,,,,,,,,,,,,
21154,Í­´¸,80,monster0001,1499,7465,720,120,2,,,,,,,,,,,,,,,,,,,,,,,,,,,,,,,,,,,,,,,,,,,,,,,,
21155,Ä§»¯Ã¨,80,monster0005,1499,7465,720,120,2,,,,,,,,,,,,,,,,,,,,,,,,,,,,,,,,,,,,,,,,,,,,,,,,
21156,Ð¡À×¹«,80,monster0006,1499,7465,720,120,2,,,,,,,,,,,,,,,,,,,,,,,,,,,,,,,,,,,,,,,,,,,,,,,,
21157,ÄÉÀ¼×ÚÖ÷,81,monster0008,1584,7890,726,121,2,,,,,,,,,,,,,,,,,,,,,,,,,,,,,,,,,,,,,,,,,,,,,,,,
21158,Â¼×Ú×ÚÖ÷,81,monster0009,1584,7890,726,121,2,,,,,,,,,,,,,,,,,,,,,,,,,,,,,,,,,,,,,,,,,,,,,,,,
21159,ÈÙ¹â,81,monster0010,1584,7890,726,121,2,,,,,,,,,,,,,,,,,,,,,,,,,,,,,,,,,,,,,,,,,,,,,,,,
21160,Î÷ÃÅ×ÚÖ÷,82,monster0011,1645,8195,732,122,2,,,,,,,,,,,,,,,,,,,,,,,,,,,,,,,,,,,,,,,,,,,,,,,,
21161,ÖÒ,82,monster0013,1645,8195,732,122,2,,,,,,,,,,,,,,,,,,,,,,,,,,,,,,,,,,,,,,,,,,,,,,,,
21162,ÁéÎý,82,monster0014,1645,8195,732,122,2,,,,,,,,,,,,,,,,,,,,,,,,,,,,,,,,,,,,,,,,,,,,,,,,
21163,ÐÞ,83,monster0017,1666,8300,738,123,2,,,,,,,,,,,,,,,,,,,,,,,,,,,,,,,,,,,,,,,,,,,,,,,,
21164,Ìúµ¨,83,monster0018,1666,8300,738,123,2,,,,,,,,,,,,,,,,,,,,,,,,,,,,,,,,,,,,,,,,,,,,,,,,
21165,×·»ê,83,monster0019,1666,8300,738,123,2,,,,,,,,,,,,,,,,,,,,,,,,,,,,,,,,,,,,,,,,,,,,,,,,
21166,Ááçç,84,monster0020,1712,8530,744,124,2,,,,,,,,,,,,,,,,,,,,,,,,,,,,,,,,,,,,,,,,,,,,,,,,
21167,¹íºï¶ù,84,monster0021,1712,8530,744,124,2,,,,,,,,,,,,,,,,,,,,,,,,,,,,,,,,,,,,,,,,,,,,,,,,
21168,Íò½Ù±Þ,84,monster0022,1712,8530,744,124,2,,,,,,,,,,,,,,,,,,,,,,,,,,,,,,,,,,,,,,,,,,,,,,,,
21169,Ë÷ÃüÐÞÂÞ,85,monster0024,1804,8990,750,125,2,,,,,,,,,,,,,,,,,,,,,,,,,,,,,,,,,,,,,,,,,,,,,,,,
21170,¶¾ÀÉ¾ý,85,monster0026,1804,8990,750,125,2,,,,,,,,,,,,,,,,,,,,,,,,,,,,,,,,,,,,,,,,,,,,,,,,
21171,ÆßÀÉ,85,monster0027,1804,8990,750,125,2,,,,,,,,,,,,,,,,,,,,,,,,,,,,,,,,,,,,,,,,,,,,,,,,
21172,ÊØÒ¹ÈË,86,monster0028,1889,9415,756,126,2,,,,,,,,,,,,,,,,,,,,,,,,,,,,,,,,,,,,,,,,,,,,,,,,
21173,ÉñÐÐ¿Í,86,monster0029,1889,9415,756,126,2,,,,,,,,,,,,,,,,,,,,,,,,,,,,,,,,,,,,,,,,,,,,,,,,
21174,Éã»êÁé¹Ù,86,monster0030,1889,9415,756,126,2,,,,,,,,,,,,,,,,,,,,,,,,,,,,,,,,,,,,,,,,,,,,,,,,
21175,½ÐÌì,87,monster0031,1950,9720,762,127,3,,,,,,,,,,,,,,,,,,,,,,,,,,,,,,,,,,,,,,,,,,,,,,,,
21176,¶áÃü,87,monster0032,1950,9720,762,127,3,,,,,,,,,,,,,,,,,,,,,,,,,,,,,,,,,,,,,,,,,,,,,,,,
21177,¶Å¿µ,87,monster0033,1950,9720,762,127,3,,,,,,,,,,,,,,,,,,,,,,,,,,,,,,,,,,,,,,,,,,,,,,,,
21178,Ë®ÉÏÆ¯,88,monster0036,1971,9825,768,128,3,,,,,,,,,,,,,,,,,,,,,,,,,,,,,,,,,,,,,,,,,,,,,,,,
21179,Ã§Í·ÍÓ,88,monster0039,1971,9825,768,128,3,,,,,,,,,,,,,,,,,,,,,,,,,,,,,,,,,,,,,,,,,,,,,,,,
21180,Ð¡³óÃ·»¨,88,monster0040,1971,9825,768,128,3,,,,,,,,,,,,,,,,,,,,,,,,,,,,,,,,,,,,,,,,,,,,,,,,
21181,Ð¡³ó·½Æ¬,89,monster0041,2017,10055,774,129,3,,,,,,,,,,,,,,,,,,,,,,,,,,,,,,,,,,,,,,,,,,,,,,,,
21182,»¢ÃÃ,89,monster0042,2017,10055,774,129,3,,,,,,,,,,,,,,,,,,,,,,,,,,,,,,,,,,,,,,,,,,,,,,,,
21183,ÖÓÎÞÑÞ,89,monster0045,2017,10055,774,129,3,,,,,,,,,,,,,,,,,,,,,,,,,,,,,,,,,,,,,,,,,,,,,,,,
21184,Ð¡³ó·½Æ¬,90,monster0041,2109,10515,780,130,4,,,,,,,,,,,,,,,,,,,,,,,,,,,,,,,,,,,,,,,,,,,,,,,,
21185,»¢ÃÃ,90,monster0042,2109,10515,780,130,4,,,,,,,,,,,,,,,,,,,,,,,,,,,,,,,,,,,,,,,,,,,,,,,,
21186,ÖÓÎÞÑÞ,90,monster0045,2109,10515,780,130,4,,,,,,,,,,,,,,,,,,,,,,,,,,,,,,,,,,,,,,,,,,,,,,,,
31001,Í­´¸,91,monster0001,2289,11415,786,131,2,,,,,,,,,,,,,,,,,,,,,,,,,,,,,,,,,,,,,,,,,,,,,,,,
31002,Ä§»¯Ã¨,91,monster0005,2289,11415,786,131,2,,,,,,,,,,,,,,,,,,,,,,,,,,,,,,,,,,,,,,,,,,,,,,,,
31003,Ð¡À×¹«,91,monster0006,2289,11415,786,131,2,,,,,,,,,,,,,,,,,,,,,,,,,,,,,,,,,,,,,,,,,,,,,,,,
31004,ÄÉÀ¼×ÚÖ÷,92,monster0008,2350,11720,792,132,2,,,,,,,,,,,,,,,,,,,,,,,,,,,,,,,,,,,,,,,,,,,,,,,,
31005,Â¼×Ú×ÚÖ÷,92,monster0009,2350,11720,792,132,2,,,,,,,,,,,,,,,,,,,,,,,,,,,,,,,,,,,,,,,,,,,,,,,,
31006,ÈÙ¹â,92,monster0010,2350,11720,792,132,2,,,,,,,,,,,,,,,,,,,,,,,,,,,,,,,,,,,,,,,,,,,,,,,,
31007,Î÷ÃÅ×ÚÖ÷,93,monster0011,2371,11825,798,133,2,,,,,,,,,,,,,,,,,,,,,,,,,,,,,,,,,,,,,,,,,,,,,,,,
31008,ÖÒ,93,monster0013,2371,11825,798,133,2,,,,,,,,,,,,,,,,,,,,,,,,,,,,,,,,,,,,,,,,,,,,,,,,
31009,ÁéÎý,93,monster0014,2371,11825,798,133,2,,,,,,,,,,,,,,,,,,,,,,,,,,,,,,,,,,,,,,,,,,,,,,,,
31010,ÐÞ,94,monster0017,2417,12055,804,134,2,,,,,,,,,,,,,,,,,,,,,,,,,,,,,,,,,,,,,,,,,,,,,,,,
31011,Ìúµ¨,94,monster0018,2417,12055,804,134,2,,,,,,,,,,,,,,,,,,,,,,,,,,,,,,,,,,,,,,,,,,,,,,,,
31012,×·»ê,94,monster0019,2417,12055,804,134,2,,,,,,,,,,,,,,,,,,,,,,,,,,,,,,,,,,,,,,,,,,,,,,,,
31013,Ááçç,95,monster0020,2509,12515,810,135,2,,,,,,,,,,,,,,,,,,,,,,,,,,,,,,,,,,,,,,,,,,,,,,,,
31014,¹íºï¶ù,95,monster0021,2509,12515,810,135,2,,,,,,,,,,,,,,,,,,,,,,,,,,,,,,,,,,,,,,,,,,,,,,,,
31015,Íò½Ù±Þ,95,monster0022,2509,12515,810,135,2,,,,,,,,,,,,,,,,,,,,,,,,,,,,,,,,,,,,,,,,,,,,,,,,
31016,Ë÷ÃüÐÞÂÞ,96,monster0024,2689,13415,816,136,2,,,,,,,,,,,,,,,,,,,,,,,,,,,,,,,,,,,,,,,,,,,,,,,,
31017,¶¾ÀÉ¾ý,96,monster0026,2689,13415,816,136,2,,,,,,,,,,,,,,,,,,,,,,,,,,,,,,,,,,,,,,,,,,,,,,,,
31018,ÆßÀÉ,96,monster0027,2689,13415,816,136,2,,,,,,,,,,,,,,,,,,,,,,,,,,,,,,,,,,,,,,,,,,,,,,,,
31019,ÊØÒ¹ÈË,97,monster0028,2750,13720,822,137,2,,,,,,,,,,,,,,,,,,,,,,,,,,,,,,,,,,,,,,,,,,,,,,,,
31020,ÉñÐÐ¿Í,97,monster0029,2750,13720,822,137,2,,,,,,,,,,,,,,,,,,,,,,,,,,,,,,,,,,,,,,,,,,,,,,,,
31021,Éã»êÁé¹Ù,97,monster0030,2750,13720,822,137,2,,,,,,,,,,,,,,,,,,,,,,,,,,,,,,,,,,,,,,,,,,,,,,,,
31022,½ÐÌì,98,monster0031,2771,13825,828,138,2,,,,,,,,,,,,,,,,,,,,,,,,,,,,,,,,,,,,,,,,,,,,,,,,
31023,¶áÃü,98,monster0032,2771,13825,828,138,2,,,,,,,,,,,,,,,,,,,,,,,,,,,,,,,,,,,,,,,,,,,,,,,,
31024,¶Å¿µ,98,monster0033,2771,13825,828,138,2,,,,,,,,,,,,,,,,,,,,,,,,,,,,,,,,,,,,,,,,,,,,,,,,
31025,Ë®ÉÏÆ¯,99,monster0036,2817,14055,834,139,2,,,,,,,,,,,,,,,,,,,,,,,,,,,,,,,,,,,,,,,,,,,,,,,,
31026,Ã§Í·ÍÓ,99,monster0039,2817,14055,834,139,2,,,,,,,,,,,,,,,,,,,,,,,,,,,,,,,,,,,,,,,,,,,,,,,,
31027,Ð¡³óÃ·»¨,99,monster0040,2817,14055,834,139,2,,,,,,,,,,,,,,,,,,,,,,,,,,,,,,,,,,,,,,,,,,,,,,,,
31028,Ð¡³ó·½Æ¬,100,monster0041,2909,14515,840,140,2,,,,,,,,,,,,,,,,,,,,,,,,,,,,,,,,,,,,,,,,,,,,,,,,
31029,»¢ÃÃ,100,monster0042,2909,14515,840,140,2,,,,,,,,,,,,,,,,,,,,,,,,,,,,,,,,,,,,,,,,,,,,,,,,
31030,ÖÓÎÞÑÞ,100,monster0045,2909,14515,840,140,2,,,,,,,,,,,,,,,,,,,,,,,,,,,,,,,,,,,,,,,,,,,,,,,,
31031,Í­´¸,101,monster0001,3089,15415,846,141,2,,,,,,,,,,,,,,,,,,,,,,,,,,,,,,,,,,,,,,,,,,,,,,,,
31032,Ä§»¯Ã¨,101,monster0005,3089,15415,846,141,2,,,,,,,,,,,,,,,,,,,,,,,,,,,,,,,,,,,,,,,,,,,,,,,,
31033,Ð¡À×¹«,101,monster0006,3089,15415,846,141,2,,,,,,,,,,,,,,,,,,,,,,,,,,,,,,,,,,,,,,,,,,,,,,,,
31034,ÄÉÀ¼×ÚÖ÷,102,monster0008,3150,15720,852,142,2,,,,,,,,,,,,,,,,,,,,,,,,,,,,,,,,,,,,,,,,,,,,,,,,
31035,Â¼×Ú×ÚÖ÷,102,monster0009,3150,15720,852,142,2,,,,,,,,,,,,,,,,,,,,,,,,,,,,,,,,,,,,,,,,,,,,,,,,
31036,ÈÙ¹â,102,monster0010,3150,15720,852,142,2,,,,,,,,,,,,,,,,,,,,,,,,,,,,,,,,,,,,,,,,,,,,,,,,
31037,Î÷ÃÅ×ÚÖ÷,103,monster0011,3171,15825,858,143,2,,,,,,,,,,,,,,,,,,,,,,,,,,,,,,,,,,,,,,,,,,,,,,,,
31038,ÖÒ,103,monster0013,3171,15825,858,143,2,,,,,,,,,,,,,,,,,,,,,,,,,,,,,,,,,,,,,,,,,,,,,,,,
31039,ÁéÎý,103,monster0014,3171,15825,858,143,2,,,,,,,,,,,,,,,,,,,,,,,,,,,,,,,,,,,,,,,,,,,,,,,,
31040,ÐÞ,104,monster0017,3217,16055,864,144,2,,,,,,,,,,,,,,,,,,,,,,,,,,,,,,,,,,,,,,,,,,,,,,,,
31041,Ìúµ¨,104,monster0018,3217,16055,864,144,2,,,,,,,,,,,,,,,,,,,,,,,,,,,,,,,,,,,,,,,,,,,,,,,,
31042,×·»ê,104,monster0019,3217,16055,864,144,2,,,,,,,,,,,,,,,,,,,,,,,,,,,,,,,,,,,,,,,,,,,,,,,,
31043,Ááçç,105,monster0020,3309,16515,870,145,2,,,,,,,,,,,,,,,,,,,,,,,,,,,,,,,,,,,,,,,,,,,,,,,,
31044,¹íºï¶ù,105,monster0021,3309,16515,870,145,2,,,,,,,,,,,,,,,,,,,,,,,,,,,,,,,,,,,,,,,,,,,,,,,,
31045,Íò½Ù±Þ,105,monster0022,3309,16515,870,145,2,,,,,,,,,,,,,,,,,,,,,,,,,,,,,,,,,,,,,,,,,,,,,,,,
31046,Ë÷ÃüÐÞÂÞ,106,monster0024,3489,17415,876,146,2,,,,,,,,,,,,,,,,,,,,,,,,,,,,,,,,,,,,,,,,,,,,,,,,
31047,¶¾ÀÉ¾ý,106,monster0026,3489,17415,876,146,2,,,,,,,,,,,,,,,,,,,,,,,,,,,,,,,,,,,,,,,,,,,,,,,,
31048,ÆßÀÉ,106,monster0027,3489,17415,876,146,2,,,,,,,,,,,,,,,,,,,,,,,,,,,,,,,,,,,,,,,,,,,,,,,,
31049,ÊØÒ¹ÈË,107,monster0028,3550,17720,882,147,2,,,,,,,,,,,,,,,,,,,,,,,,,,,,,,,,,,,,,,,,,,,,,,,,
31050,ÉñÐÐ¿Í,107,monster0029,3550,17720,882,147,2,,,,,,,,,,,,,,,,,,,,,,,,,,,,,,,,,,,,,,,,,,,,,,,,
31051,Éã»êÁé¹Ù,107,monster0030,3550,17720,882,147,2,,,,,,,,,,,,,,,,,,,,,,,,,,,,,,,,,,,,,,,,,,,,,,,,
31052,½ÐÌì,108,monster0031,3571,17825,888,148,2,,,,,,,,,,,,,,,,,,,,,,,,,,,,,,,,,,,,,,,,,,,,,,,,
31053,¶áÃü,108,monster0032,3571,17825,888,148,2,,,,,,,,,,,,,,,,,,,,,,,,,,,,,,,,,,,,,,,,,,,,,,,,
31054,¶Å¿µ,108,monster0033,3571,17825,888,148,2,,,,,,,,,,,,,,,,,,,,,,,,,,,,,,,,,,,,,,,,,,,,,,,,
31055,Ë®ÉÏÆ¯,109,monster0036,3617,18055,894,149,2,,,,,,,,,,,,,,,,,,,,,,,,,,,,,,,,,,,,,,,,,,,,,,,,
31056,Ã§Í·ÍÓ,109,monster0039,3617,18055,894,149,2,,,,,,,,,,,,,,,,,,,,,,,,,,,,,,,,,,,,,,,,,,,,,,,,
31057,Ð¡³óÃ·»¨,109,monster0040,3617,18055,894,149,2,,,,,,,,,,,,,,,,,,,,,,,,,,,,,,,,,,,,,,,,,,,,,,,,
31058,Ð¡³ó·½Æ¬,110,monster0041,3709,18515,900,150,2,,,,,,,,,,,,,,,,,,,,,,,,,,,,,,,,,,,,,,,,,,,,,,,,
31059,»¢ÃÃ,110,monster0042,3709,18515,900,150,2,,,,,,,,,,,,,,,,,,,,,,,,,,,,,,,,,,,,,,,,,,,,,,,,
31060,ÖÓÎÞÑÞ,110,monster0045,3709,18515,900,150,2,,,,,,,,,,,,,,,,,,,,,,,,,,,,,,,,,,,,,,,,,,,,,,,,
31061,Í­´¸,111,monster0001,3889,19415,906,151,2,,,,,,,,,,,,,,,,,,,,,,,,,,,,,,,,,,,,,,,,,,,,,,,,
31062,Ä§»¯Ã¨,111,monster0005,3889,19415,906,151,2,,,,,,,,,,,,,,,,,,,,,,,,,,,,,,,,,,,,,,,,,,,,,,,,
31063,Ð¡À×¹«,111,monster0006,3889,19415,906,151,2,,,,,,,,,,,,,,,,,,,,,,,,,,,,,,,,,,,,,,,,,,,,,,,,
31064,ÄÉÀ¼×ÚÖ÷,112,monster0008,3950,19720,912,152,2,,,,,,,,,,,,,,,,,,,,,,,,,,,,,,,,,,,,,,,,,,,,,,,,
31065,Â¼×Ú×ÚÖ÷,112,monster0009,3950,19720,912,152,2,,,,,,,,,,,,,,,,,,,,,,,,,,,,,,,,,,,,,,,,,,,,,,,,
31066,ÈÙ¹â,112,monster0010,3950,19720,912,152,2,,,,,,,,,,,,,,,,,,,,,,,,,,,,,,,,,,,,,,,,,,,,,,,,
31067,Î÷ÃÅ×ÚÖ÷,113,monster0011,3971,19825,918,153,2,,,,,,,,,,,,,,,,,,,,,,,,,,,,,,,,,,,,,,,,,,,,,,,,
31068,ÖÒ,113,monster0013,3971,19825,918,153,2,,,,,,,,,,,,,,,,,,,,,,,,,,,,,,,,,,,,,,,,,,,,,,,,
31069,ÁéÎý,113,monster0014,3971,19825,918,153,2,,,,,,,,,,,,,,,,,,,,,,,,,,,,,,,,,,,,,,,,,,,,,,,,
31070,ÐÞ,114,monster0017,4017,20055,924,154,2,,,,,,,,,,,,,,,,,,,,,,,,,,,,,,,,,,,,,,,,,,,,,,,,
31071,Ìúµ¨,114,monster0018,4017,20055,924,154,2,,,,,,,,,,,,,,,,,,,,,,,,,,,,,,,,,,,,,,,,,,,,,,,,
31072,×·»ê,114,monster0019,4017,20055,924,154,2,,,,,,,,,,,,,,,,,,,,,,,,,,,,,,,,,,,,,,,,,,,,,,,,
31073,Ááçç,115,monster0020,4109,20515,930,155,2,,,,,,,,,,,,,,,,,,,,,,,,,,,,,,,,,,,,,,,,,,,,,,,,
31074,¹íºï¶ù,115,monster0021,4109,20515,930,155,2,,,,,,,,,,,,,,,,,,,,,,,,,,,,,,,,,,,,,,,,,,,,,,,,
31075,Íò½Ù±Þ,115,monster0022,4109,20515,930,155,2,,,,,,,,,,,,,,,,,,,,,,,,,,,,,,,,,,,,,,,,,,,,,,,,
31076,Ë÷ÃüÐÞÂÞ,116,monster0024,4289,21415,936,156,2,,,,,,,,,,,,,,,,,,,,,,,,,,,,,,,,,,,,,,,,,,,,,,,,
31077,¶¾ÀÉ¾ý,116,monster0026,4289,21415,936,156,2,,,,,,,,,,,,,,,,,,,,,,,,,,,,,,,,,,,,,,,,,,,,,,,,
31078,ÆßÀÉ,116,monster0027,4289,21415,936,156,2,,,,,,,,,,,,,,,,,,,,,,,,,,,,,,,,,,,,,,,,,,,,,,,,
31079,ÊØÒ¹ÈË,117,monster0028,4350,21720,942,157,2,,,,,,,,,,,,,,,,,,,,,,,,,,,,,,,,,,,,,,,,,,,,,,,,
31080,ÉñÐÐ¿Í,117,monster0029,4350,21720,942,157,2,,,,,,,,,,,,,,,,,,,,,,,,,,,,,,,,,,,,,,,,,,,,,,,,
31081,Éã»êÁé¹Ù,117,monster0030,4350,21720,942,157,2,,,,,,,,,,,,,,,,,,,,,,,,,,,,,,,,,,,,,,,,,,,,,,,,
31082,½ÐÌì,118,monster0031,4371,21825,948,158,2,,,,,,,,,,,,,,,,,,,,,,,,,,,,,,,,,,,,,,,,,,,,,,,,
31083,¶áÃü,118,monster0032,4371,21825,948,158,2,,,,,,,,,,,,,,,,,,,,,,,,,,,,,,,,,,,,,,,,,,,,,,,,
31084,¶Å¿µ,118,monster0033,4371,21825,948,158,2,,,,,,,,,,,,,,,,,,,,,,,,,,,,,,,,,,,,,,,,,,,,,,,,
31085,Ë®ÉÏÆ¯,119,monster0036,4417,22055,954,159,2,,,,,,,,,,,,,,,,,,,,,,,,,,,,,,,,,,,,,,,,,,,,,,,,
31086,Ã§Í·ÍÓ,119,monster0039,4417,22055,954,159,2,,,,,,,,,,,,,,,,,,,,,,,,,,,,,,,,,,,,,,,,,,,,,,,,
31087,Ð¡³óÃ·»¨,119,monster0040,4417,22055,954,159,2,,,,,,,,,,,,,,,,,,,,,,,,,,,,,,,,,,,,,,,,,,,,,,,,
31088,Ð¡³ó·½Æ¬,120,monster0041,4509,22515,960,160,2,,,,,,,,,,,,,,,,,,,,,,,,,,,,,,,,,,,,,,,,,,,,,,,,
31089,»¢ÃÃ,120,monster0042,4509,22515,960,160,2,,,,,,,,,,,,,,,,,,,,,,,,,,,,,,,,,,,,,,,,,,,,,,,,
31090,ÖÓÎÞÑÞ,120,monster0045,4509,22515,960,160,2,,,,,,,,,,,,,,,,,,,,,,,,,,,,,,,,,,,,,,,,,,,,,,,,
31091,Ð¡³ó·½Æ¬,121,monster0041,4689,23415,966,161,2,,,,,,,,,,,,,,,,,,,,,,,,,,,,,,,,,,,,,,,,,,,,,,,,
31092,»¢ÃÃ,121,monster0042,4689,23415,966,161,2,,,,,,,,,,,,,,,,,,,,,,,,,,,,,,,,,,,,,,,,,,,,,,,,
31093,ÖÓÎÞÑÞ,121,monster0045,4689,23415,966,161,2,,,,,,,,,,,,,,,,,,,,,,,,,,,,,,,,,,,,,,,,,,,,,,,,
31094,Í­´¸,122,monster0001,4750,23720,972,162,2,,,,,,,,,,,,,,,,,,,,,,,,,,,,,,,,,,,,,,,,,,,,,,,,
31095,Ä§»¯Ã¨,122,monster0005,4750,23720,972,162,2,,,,,,,,,,,,,,,,,,,,,,,,,,,,,,,,,,,,,,,,,,,,,,,,
31096,Ð¡À×¹«,122,monster0006,4750,23720,972,162,2,,,,,,,,,,,,,,,,,,,,,,,,,,,,,,,,,,,,,,,,,,,,,,,,
31097,ÄÉÀ¼×ÚÖ÷,123,monster0008,4771,23825,978,163,2,,,,,,,,,,,,,,,,,,,,,,,,,,,,,,,,,,,,,,,,,,,,,,,,
31098,Â¼×Ú×ÚÖ÷,123,monster0009,4771,23825,978,163,2,,,,,,,,,,,,,,,,,,,,,,,,,,,,,,,,,,,,,,,,,,,,,,,,
31099,ÈÙ¹â,123,monster0010,4771,23825,978,163,2,,,,,,,,,,,,,,,,,,,,,,,,,,,,,,,,,,,,,,,,,,,,,,,,
31100,Î÷ÃÅ×ÚÖ÷,124,monster0011,4817,24055,984,164,2,,,,,,,,,,,,,,,,,,,,,,,,,,,,,,,,,,,,,,,,,,,,,,,,
31101,ÖÒ,124,monster0013,4817,24055,984,164,2,,,,,,,,,,,,,,,,,,,,,,,,,,,,,,,,,,,,,,,,,,,,,,,,
31102,ÁéÎý,124,monster0014,4817,24055,984,164,2,,,,,,,,,,,,,,,,,,,,,,,,,,,,,,,,,,,,,,,,,,,,,,,,
31103,ÐÞ,125,monster0017,4909,24515,990,165,2,,,,,,,,,,,,,,,,,,,,,,,,,,,,,,,,,,,,,,,,,,,,,,,,
31104,Ìúµ¨,125,monster0018,4909,24515,990,165,2,,,,,,,,,,,,,,,,,,,,,,,,,,,,,,,,,,,,,,,,,,,,,,,,
31105,×·»ê,125,monster0019,4909,24515,990,165,2,,,,,,,,,,,,,,,,,,,,,,,,,,,,,,,,,,,,,,,,,,,,,,,,
31106,Ááçç,126,monster0020,5089,25415,996,166,2,,,,,,,,,,,,,,,,,,,,,,,,,,,,,,,,,,,,,,,,,,,,,,,,
31107,¹íºï¶ù,126,monster0021,5089,25415,996,166,2,,,,,,,,,,,,,,,,,,,,,,,,,,,,,,,,,,,,,,,,,,,,,,,,
31108,Íò½Ù±Þ,126,monster0022,5089,25415,996,166,2,,,,,,,,,,,,,,,,,,,,,,,,,,,,,,,,,,,,,,,,,,,,,,,,
31109,Ë÷ÃüÐÞÂÞ,127,monster0024,5150,25720,1002,167,2,,,,,,,,,,,,,,,,,,,,,,,,,,,,,,,,,,,,,,,,,,,,,,,,
31110,¶¾ÀÉ¾ý,127,monster0026,5150,25720,1002,167,2,,,,,,,,,,,,,,,,,,,,,,,,,,,,,,,,,,,,,,,,,,,,,,,,
31111,ÆßÀÉ,127,monster0027,5150,25720,1002,167,2,,,,,,,,,,,,,,,,,,,,,,,,,,,,,,,,,,,,,,,,,,,,,,,,
31112,ÊØÒ¹ÈË,128,monster0028,5171,25825,1008,168,2,,,,,,,,,,,,,,,,,,,,,,,,,,,,,,,,,,,,,,,,,,,,,,,,
31113,ÉñÐÐ¿Í,128,monster0029,5171,25825,1008,168,2,,,,,,,,,,,,,,,,,,,,,,,,,,,,,,,,,,,,,,,,,,,,,,,,
31114,Éã»êÁé¹Ù,128,monster0030,5171,25825,1008,168,2,,,,,,,,,,,,,,,,,,,,,,,,,,,,,,,,,,,,,,,,,,,,,,,,
31115,½ÐÌì,129,monster0031,5217,26055,1014,169,2,,,,,,,,,,,,,,,,,,,,,,,,,,,,,,,,,,,,,,,,,,,,,,,,
31116,¶áÃü,129,monster0032,5217,26055,1014,169,2,,,,,,,,,,,,,,,,,,,,,,,,,,,,,,,,,,,,,,,,,,,,,,,,
31117,¶Å¿µ,129,monster0033,5217,26055,1014,169,2,,,,,,,,,,,,,,,,,,,,,,,,,,,,,,,,,,,,,,,,,,,,,,,,
31118,Ë®ÉÏÆ¯,130,monster0036,5309,26515,1020,170,3,,,,,,,,,,,,,,,,,,,,,,,,,,,,,,,,,,,,,,,,,,,,,,,,
31119,Ã§Í·ÍÓ,130,monster0039,5309,26515,1020,170,3,,,,,,,,,,,,,,,,,,,,,,,,,,,,,,,,,,,,,,,,,,,,,,,,
31120,Ð¡³óÃ·»¨,130,monster0040,5309,26515,1020,170,3,,,,,,,,,,,,,,,,,,,,,,,,,,,,,,,,,,,,,,,,,,,,,,,,
31121,Ð¡³ó·½Æ¬,131,monster0041,5489,27415,1026,171,3,,,,,,,,,,,,,,,,,,,,,,,,,,,,,,,,,,,,,,,,,,,,,,,,
31122,»¢ÃÃ,131,monster0042,5489,27415,1026,171,3,,,,,,,,,,,,,,,,,,,,,,,,,,,,,,,,,,,,,,,,,,,,,,,,
31123,ÖÓÎÞÑÞ,131,monster0045,5489,27415,1026,171,3,,,,,,,,,,,,,,,,,,,,,,,,,,,,,,,,,,,,,,,,,,,,,,,,
31124,Í­´¸,132,monster0001,5550,27720,1032,172,3,,,,,,,,,,,,,,,,,,,,,,,,,,,,,,,,,,,,,,,,,,,,,,,,
31125,Ä§»¯Ã¨,132,monster0005,5550,27720,1032,172,3,,,,,,,,,,,,,,,,,,,,,,,,,,,,,,,,,,,,,,,,,,,,,,,,
31126,Ð¡À×¹«,132,monster0006,5550,27720,1032,172,3,,,,,,,,,,,,,,,,,,,,,,,,,,,,,,,,,,,,,,,,,,,,,,,,
31127,ÄÉÀ¼×ÚÖ÷,133,monster0008,5571,27825,1038,173,3,,,,,,,,,,,,,,,,,,,,,,,,,,,,,,,,,,,,,,,,,,,,,,,,
31128,Â¼×Ú×ÚÖ÷,133,monster0009,5571,27825,1038,173,3,,,,,,,,,,,,,,,,,,,,,,,,,,,,,,,,,,,,,,,,,,,,,,,,
31129,ÈÙ¹â,133,monster0010,5571,27825,1038,173,3,,,,,,,,,,,,,,,,,,,,,,,,,,,,,,,,,,,,,,,,,,,,,,,,
31130,Î÷ÃÅ×ÚÖ÷,134,monster0011,5617,28055,1044,174,3,,,,,,,,,,,,,,,,,,,,,,,,,,,,,,,,,,,,,,,,,,,,,,,,
31131,ÖÒ,134,monster0013,5617,28055,1044,174,3,,,,,,,,,,,,,,,,,,,,,,,,,,,,,,,,,,,,,,,,,,,,,,,,
31132,ÁéÎý,134,monster0014,5617,28055,1044,174,3,,,,,,,,,,,,,,,,,,,,,,,,,,,,,,,,,,,,,,,,,,,,,,,,
31133,ÐÞ,135,monster0017,5709,28515,1050,175,3,,,,,,,,,,,,,,,,,,,,,,,,,,,,,,,,,,,,,,,,,,,,,,,,
31134,Ìúµ¨,135,monster0018,5709,28515,1050,175,3,,,,,,,,,,,,,,,,,,,,,,,,,,,,,,,,,,,,,,,,,,,,,,,,
31135,×·»ê,135,monster0019,5709,28515,1050,175,3,,,,,,,,,,,,,,,,,,,,,,,,,,,,,,,,,,,,,,,,,,,,,,,,
31136,Ááçç,136,monster0020,5889,29415,1056,176,3,,,,,,,,,,,,,,,,,,,,,,,,,,,,,,,,,,,,,,,,,,,,,,,,
31137,¹íºï¶ù,136,monster0021,5889,29415,1056,176,3,,,,,,,,,,,,,,,,,,,,,,,,,,,,,,,,,,,,,,,,,,,,,,,,
31138,Íò½Ù±Þ,136,monster0022,5889,29415,1056,176,3,,,,,,,,,,,,,,,,,,,,,,,,,,,,,,,,,,,,,,,,,,,,,,,,
31139,Ë÷ÃüÐÞÂÞ,137,monster0024,5950,29720,1062,177,3,,,,,,,,,,,,,,,,,,,,,,,,,,,,,,,,,,,,,,,,,,,,,,,,
31140,¶¾ÀÉ¾ý,137,monster0026,5950,29720,1062,177,3,,,,,,,,,,,,,,,,,,,,,,,,,,,,,,,,,,,,,,,,,,,,,,,,
31141,ÆßÀÉ,137,monster0027,5950,29720,1062,177,3,,,,,,,,,,,,,,,,,,,,,,,,,,,,,,,,,,,,,,,,,,,,,,,,
31142,ÊØÒ¹ÈË,138,monster0028,5971,29825,1068,178,3,,,,,,,,,,,,,,,,,,,,,,,,,,,,,,,,,,,,,,,,,,,,,,,,
31143,ÉñÐÐ¿Í,138,monster0029,5971,29825,1068,178,3,,,,,,,,,,,,,,,,,,,,,,,,,,,,,,,,,,,,,,,,,,,,,,,,
31144,Éã»êÁé¹Ù,138,monster0030,5971,29825,1068,178,3,,,,,,,,,,,,,,,,,,,,,,,,,,,,,,,,,,,,,,,,,,,,,,,,
31145,½ÐÌì,139,monster0031,6017,30055,1074,179,3,,,,,,,,,,,,,,,,,,,,,,,,,,,,,,,,,,,,,,,,,,,,,,,,
31146,¶áÃü,139,monster0032,6017,30055,1074,179,3,,,,,,,,,,,,,,,,,,,,,,,,,,,,,,,,,,,,,,,,,,,,,,,,
31147,¶Å¿µ,139,monster0033,6017,30055,1074,179,3,,,,,,,,,,,,,,,,,,,,,,,,,,,,,,,,,,,,,,,,,,,,,,,,
31148,Ë®ÉÏÆ¯,140,monster0036,6109,30515,1080,180,3,,,,,,,,,,,,,,,,,,,,,,,,,,,,,,,,,,,,,,,,,,,,,,,,
31149,Ã§Í·ÍÓ,140,monster0039,6109,30515,1080,180,3,,,,,,,,,,,,,,,,,,,,,,,,,,,,,,,,,,,,,,,,,,,,,,,,
31150,Ð¡³óÃ·»¨,140,monster0040,6109,30515,1080,180,3,,,,,,,,,,,,,,,,,,,,,,,,,,,,,,,,,,,,,,,,,,,,,,,,
31151,Ð¡³ó·½Æ¬,141,monster0041,6289,31415,1086,181,3,,,,,,,,,,,,,,,,,,,,,,,,,,,,,,,,,,,,,,,,,,,,,,,,
31152,»¢ÃÃ,141,monster0042,6289,31415,1086,181,3,,,,,,,,,,,,,,,,,,,,,,,,,,,,,,,,,,,,,,,,,,,,,,,,
31153,ÖÓÎÞÑÞ,141,monster0045,6289,31415,1086,181,3,,,,,,,,,,,,,,,,,,,,,,,,,,,,,,,,,,,,,,,,,,,,,,,,
31154,Í­´¸,142,monster0001,6350,31720,1092,182,3,,,,,,,,,,,,,,,,,,,,,,,,,,,,,,,,,,,,,,,,,,,,,,,,
31155,Ä§»¯Ã¨,142,monster0005,6350,31720,1092,182,3,,,,,,,,,,,,,,,,,,,,,,,,,,,,,,,,,,,,,,,,,,,,,,,,
31156,Ð¡À×¹«,142,monster0006,6350,31720,1092,182,3,,,,,,,,,,,,,,,,,,,,,,,,,,,,,,,,,,,,,,,,,,,,,,,,
31157,ÄÉÀ¼×ÚÖ÷,143,monster0008,6371,31825,1098,183,3,,,,,,,,,,,,,,,,,,,,,,,,,,,,,,,,,,,,,,,,,,,,,,,,
31158,Â¼×Ú×ÚÖ÷,143,monster0009,6371,31825,1098,183,3,,,,,,,,,,,,,,,,,,,,,,,,,,,,,,,,,,,,,,,,,,,,,,,,
31159,ÈÙ¹â,143,monster0010,6371,31825,1098,183,3,,,,,,,,,,,,,,,,,,,,,,,,,,,,,,,,,,,,,,,,,,,,,,,,
31160,Î÷ÃÅ×ÚÖ÷,144,monster0011,6417,32055,1104,184,3,,,,,,,,,,,,,,,,,,,,,,,,,,,,,,,,,,,,,,,,,,,,,,,,
31161,ÖÒ,144,monster0013,6417,32055,1104,184,3,,,,,,,,,,,,,,,,,,,,,,,,,,,,,,,,,,,,,,,,,,,,,,,,
31162,ÁéÎý,144,monster0014,6417,32055,1104,184,3,,,,,,,,,,,,,,,,,,,,,,,,,,,,,,,,,,,,,,,,,,,,,,,,
31163,ÐÞ,145,monster0017,6509,32515,1110,185,3,,,,,,,,,,,,,,,,,,,,,,,,,,,,,,,,,,,,,,,,,,,,,,,,
31164,Ìúµ¨,145,monster0018,6509,32515,1110,185,3,,,,,,,,,,,,,,,,,,,,,,,,,,,,,,,,,,,,,,,,,,,,,,,,
31165,×·»ê,145,monster0019,6509,32515,1110,185,3,,,,,,,,,,,,,,,,,,,,,,,,,,,,,,,,,,,,,,,,,,,,,,,,
31166,Ááçç,146,monster0020,6689,33415,1116,186,3,,,,,,,,,,,,,,,,,,,,,,,,,,,,,,,,,,,,,,,,,,,,,,,,
31167,¹íºï¶ù,146,monster0021,6689,33415,1116,186,3,,,,,,,,,,,,,,,,,,,,,,,,,,,,,,,,,,,,,,,,,,,,,,,,
31168,Íò½Ù±Þ,146,monster0022,6689,33415,1116,186,3,,,,,,,,,,,,,,,,,,,,,,,,,,,,,,,,,,,,,,,,,,,,,,,,
31169,Ë÷ÃüÐÞÂÞ,147,monster0024,6750,33720,1122,187,3,,,,,,,,,,,,,,,,,,,,,,,,,,,,,,,,,,,,,,,,,,,,,,,,
31170,¶¾ÀÉ¾ý,147,monster0026,6750,33720,1122,187,3,,,,,,,,,,,,,,,,,,,,,,,,,,,,,,,,,,,,,,,,,,,,,,,,
31171,ÆßÀÉ,147,monster0027,6750,33720,1122,187,3,,,,,,,,,,,,,,,,,,,,,,,,,,,,,,,,,,,,,,,,,,,,,,,,
31172,ÊØÒ¹ÈË,148,monster0028,6771,33825,1128,188,3,,,,,,,,,,,,,,,,,,,,,,,,,,,,,,,,,,,,,,,,,,,,,,,,
31173,ÉñÐÐ¿Í,148,monster0029,6771,33825,1128,188,3,,,,,,,,,,,,,,,,,,,,,,,,,,,,,,,,,,,,,,,,,,,,,,,,
31174,Éã»êÁé¹Ù,148,monster0030,6771,33825,1128,188,3,,,,,,,,,,,,,,,,,,,,,,,,,,,,,,,,,,,,,,,,,,,,,,,,
31175,½ÐÌì,149,monster0031,6817,34055,1134,189,3,,,,,,,,,,,,,,,,,,,,,,,,,,,,,,,,,,,,,,,,,,,,,,,,
31176,¶áÃü,149,monster0032,6817,34055,1134,189,3,,,,,,,,,,,,,,,,,,,,,,,,,,,,,,,,,,,,,,,,,,,,,,,,
31177,¶Å¿µ,149,monster0033,6817,34055,1134,189,3,,,,,,,,,,,,,,,,,,,,,,,,,,,,,,,,,,,,,,,,,,,,,,,,
31178,Ë®ÉÏÆ¯,150,monster0036,6909,34515,1140,190,3,,,,,,,,,,,,,,,,,,,,,,,,,,,,,,,,,,,,,,,,,,,,,,,,
31179,Ã§Í·ÍÓ,150,monster0039,6909,34515,1140,190,3,,,,,,,,,,,,,,,,,,,,,,,,,,,,,,,,,,,,,,,,,,,,,,,,
31180,Ð¡³óÃ·»¨,150,monster0040,6909,34515,1140,190,3,,,,,,,,,,,,,,,,,,,,,,,,,,,,,,,,,,,,,,,,,,,,,,,,
31181,Ð¡³ó·½Æ¬,151,monster0041,7089,35415,1146,191,3,,,,,,,,,,,,,,,,,,,,,,,,,,,,,,,,,,,,,,,,,,,,,,,,
31182,»¢ÃÃ,151,monster0042,7089,35415,1146,191,3,,,,,,,,,,,,,,,,,,,,,,,,,,,,,,,,,,,,,,,,,,,,,,,,
31183,ÖÓÎÞÑÞ,151,monster0045,7089,35415,1146,191,3,,,,,,,,,,,,,,,,,,,,,,,,,,,,,,,,,,,,,,,,,,,,,,,,
31184,Ð¡³ó·½Æ¬,152,monster0041,7150,35720,1152,192,3,,,,,,,,,,,,,,,,,,,,,,,,,,,,,,,,,,,,,,,,,,,,,,,,
31185,»¢ÃÃ,152,monster0042,7150,35720,1152,192,3,,,,,,,,,,,,,,,,,,,,,,,,,,,,,,,,,,,,,,,,,,,,,,,,
31186,ÖÓÎÞÑÞ,152,monster0045,7150,35720,1152,192,3,,,,,,,,,,,,,,,,,,,,,,,,,,,,,,,,,,,,,,,,,,,,,,,,
31187,Í­´¸,153,monster0001,7171,35825,1158,193,3,,,,,,,,,,,,,,,,,,,,,,,,,,,,,,,,,,,,,,,,,,,,,,,,
31188,Ä§»¯Ã¨,153,monster0005,7171,35825,1158,193,3,,,,,,,,,,,,,,,,,,,,,,,,,,,,,,,,,,,,,,,,,,,,,,,,
31189,Ð¡À×¹«,153,monster0006,7171,35825,1158,193,3,,,,,,,,,,,,,,,,,,,,,,,,,,,,,,,,,,,,,,,,,,,,,,,,
31190,ÄÉÀ¼×ÚÖ÷,154,monster0008,7217,36055,1164,194,3,,,,,,,,,,,,,,,,,,,,,,,,,,,,,,,,,,,,,,,,,,,,,,,,
31191,Â¼×Ú×ÚÖ÷,154,monster0009,7217,36055,1164,194,3,,,,,,,,,,,,,,,,,,,,,,,,,,,,,,,,,,,,,,,,,,,,,,,,
31192,ÈÙ¹â,154,monster0010,7217,36055,1164,194,3,,,,,,,,,,,,,,,,,,,,,,,,,,,,,,,,,,,,,,,,,,,,,,,,
31193,Î÷ÃÅ×ÚÖ÷,155,monster0011,7309,36515,1170,195,3,,,,,,,,,,,,,,,,,,,,,,,,,,,,,,,,,,,,,,,,,,,,,,,,
31194,ÖÒ,155,monster0013,7309,36515,1170,195,3,,,,,,,,,,,,,,,,,,,,,,,,,,,,,,,,,,,,,,,,,,,,,,,,
31195,ÁéÎý,155,monster0014,7309,36515,1170,195,3,,,,,,,,,,,,,,,,,,,,,,,,,,,,,,,,,,,,,,,,,,,,,,,,
31196,ÐÞ,156,monster0017,7489,37415,1176,196,3,,,,,,,,,,,,,,,,,,,,,,,,,,,,,,,,,,,,,,,,,,,,,,,,
31197,Ìúµ¨,156,monster0018,7489,37415,1176,196,3,,,,,,,,,,,,,,,,,,,,,,,,,,,,,,,,,,,,,,,,,,,,,,,,
31198,×·»ê,156,monster0019,7489,37415,1176,196,3,,,,,,,,,,,,,,,,,,,,,,,,,,,,,,,,,,,,,,,,,,,,,,,,
31199,Ááçç,157,monster0020,7550,37720,1182,197,3,,,,,,,,,,,,,,,,,,,,,,,,,,,,,,,,,,,,,,,,,,,,,,,,
31200,¹íºï¶ù,157,monster0021,7550,37720,1182,197,3,,,,,,,,,,,,,,,,,,,,,,,,,,,,,,,,,,,,,,,,,,,,,,,,
31201,Íò½Ù±Þ,157,monster0022,7550,37720,1182,197,3,,,,,,,,,,,,,,,,,,,,,,,,,,,,,,,,,,,,,,,,,,,,,,,,
31202,Ë÷ÃüÐÞÂÞ,158,monster0024,7571,37825,1188,198,3,,,,,,,,,,,,,,,,,,,,,,,,,,,,,,,,,,,,,,,,,,,,,,,,
31203,¶¾ÀÉ¾ý,158,monster0026,7571,37825,1188,198,3,,,,,,,,,,,,,,,,,,,,,,,,,,,,,,,,,,,,,,,,,,,,,,,,
31204,ÆßÀÉ,158,monster0027,7571,37825,1188,198,3,,,,,,,,,,,,,,,,,,,,,,,,,,,,,,,,,,,,,,,,,,,,,,,,
31205,ÊØÒ¹ÈË,159,monster0028,7617,38055,1194,199,3,,,,,,,,,,,,,,,,,,,,,,,,,,,,,,,,,,,,,,,,,,,,,,,,
31206,ÉñÐÐ¿Í,159,monster0029,7617,38055,1194,199,3,,,,,,,,,,,,,,,,,,,,,,,,,,,,,,,,,,,,,,,,,,,,,,,,
31207,Éã»êÁé¹Ù,159,monster0030,7617,38055,1194,199,3,,,,,,,,,,,,,,,,,,,,,,,,,,,,,,,,,,,,,,,,,,,,,,,,
31208,½ÐÌì,160,monster0031,7709,38515,1200,200,3,,,,,,,,,,,,,,,,,,,,,,,,,,,,,,,,,,,,,,,,,,,,,,,,
31209,¶áÃü,160,monster0032,7709,38515,1200,200,3,,,,,,,,,,,,,,,,,,,,,,,,,,,,,,,,,,,,,,,,,,,,,,,,
31210,¶Å¿µ,160,monster0033,7709,38515,1200,200,3,,,,,,,,,,,,,,,,,,,,,,,,,,,,,,,,,,,,,,,,,,,,,,,,
31211,Ë®ÉÏÆ¯,161,monster0036,7889,39415,1206,201,3,,,,,,,,,,,,,,,,,,,,,,,,,,,,,,,,,,,,,,,,,,,,,,,,
31212,Ã§Í·ÍÓ,161,monster0039,7889,39415,1206,201,3,,,,,,,,,,,,,,,,,,,,,,,,,,,,,,,,,,,,,,,,,,,,,,,,
31213,Ð¡³óÃ·»¨,161,monster0040,7889,39415,1206,201,3,,,,,,,,,,,,,,,,,,,,,,,,,,,,,,,,,,,,,,,,,,,,,,,,
31214,Ð¡³ó·½Æ¬,162,monster0041,7950,39720,1212,202,3,,,,,,,,,,,,,,,,,,,,,,,,,,,,,,,,,,,,,,,,,,,,,,,,
31215,»¢ÃÃ,162,monster0042,7950,39720,1212,202,3,,,,,,,,,,,,,,,,,,,,,,,,,,,,,,,,,,,,,,,,,,,,,,,,
31216,ÖÓÎÞÑÞ,162,monster0045,7950,39720,1212,202,3,,,,,,,,,,,,,,,,,,,,,,,,,,,,,,,,,,,,,,,,,,,,,,,,
31217,Í­´¸,163,monster0001,7971,39825,1218,203,3,,,,,,,,,,,,,,,,,,,,,,,,,,,,,,,,,,,,,,,,,,,,,,,,
31218,Ä§»¯Ã¨,163,monster0005,7971,39825,1218,203,3,,,,,,,,,,,,,,,,,,,,,,,,,,,,,,,,,,,,,,,,,,,,,,,,
31219,Ð¡À×¹«,163,monster0006,7971,39825,1218,203,3,,,,,,,,,,,,,,,,,,,,,,,,,,,,,,,,,,,,,,,,,,,,,,,,
31220,ÄÉÀ¼×ÚÖ÷,164,monster0008,8017,40055,1224,204,3,,,,,,,,,,,,,,,,,,,,,,,,,,,,,,,,,,,,,,,,,,,,,,,,
31221,Â¼×Ú×ÚÖ÷,164,monster0009,8017,40055,1224,204,3,,,,,,,,,,,,,,,,,,,,,,,,,,,,,,,,,,,,,,,,,,,,,,,,
31222,ÈÙ¹â,164,monster0010,8017,40055,1224,204,3,,,,,,,,,,,,,,,,,,,,,,,,,,,,,,,,,,,,,,,,,,,,,,,,
31223,Î÷ÃÅ×ÚÖ÷,165,monster0011,8109,40515,1230,205,3,,,,,,,,,,,,,,,,,,,,,,,,,,,,,,,,,,,,,,,,,,,,,,,,
31224,ÖÒ,165,monster0013,8109,40515,1230,205,3,,,,,,,,,,,,,,,,,,,,,,,,,,,,,,,,,,,,,,,,,,,,,,,,
31225,ÁéÎý,165,monster0014,8109,40515,1230,205,3,,,,,,,,,,,,,,,,,,,,,,,,,,,,,,,,,,,,,,,,,,,,,,,,
31226,ÐÞ,166,monster0017,8289,41415,1236,206,3,,,,,,,,,,,,,,,,,,,,,,,,,,,,,,,,,,,,,,,,,,,,,,,,
31227,Ìúµ¨,166,monster0018,8289,41415,1236,206,3,,,,,,,,,,,,,,,,,,,,,,,,,,,,,,,,,,,,,,,,,,,,,,,,
31228,×·»ê,166,monster0019,8289,41415,1236,206,3,,,,,,,,,,,,,,,,,,,,,,,,,,,,,,,,,,,,,,,,,,,,,,,,
31229,Ááçç,167,monster0020,8350,41720,1242,207,3,,,,,,,,,,,,,,,,,,,,,,,,,,,,,,,,,,,,,,,,,,,,,,,,
31230,¹íºï¶ù,167,monster0021,8350,41720,1242,207,3,,,,,,,,,,,,,,,,,,,,,,,,,,,,,,,,,,,,,,,,,,,,,,,,
31231,Íò½Ù±Þ,167,monster0022,8350,41720,1242,207,3,,,,,,,,,,,,,,,,,,,,,,,,,,,,,,,,,,,,,,,,,,,,,,,,
31232,Ë÷ÃüÐÞÂÞ,168,monster0024,8371,41825,1248,208,3,,,,,,,,,,,,,,,,,,,,,,,,,,,,,,,,,,,,,,,,,,,,,,,,
31233,¶¾ÀÉ¾ý,168,monster0026,8371,41825,1248,208,3,,,,,,,,,,,,,,,,,,,,,,,,,,,,,,,,,,,,,,,,,,,,,,,,
31234,ÆßÀÉ,168,monster0027,8371,41825,1248,208,3,,,,,,,,,,,,,,,,,,,,,,,,,,,,,,,,,,,,,,,,,,,,,,,,
31235,ÊØÒ¹ÈË,169,monster0028,8417,42055,1254,209,3,,,,,,,,,,,,,,,,,,,,,,,,,,,,,,,,,,,,,,,,,,,,,,,,
31236,ÉñÐÐ¿Í,169,monster0029,8417,42055,1254,209,3,,,,,,,,,,,,,,,,,,,,,,,,,,,,,,,,,,,,,,,,,,,,,,,,
31237,Éã»êÁé¹Ù,169,monster0030,8417,42055,1254,209,3,,,,,,,,,,,,,,,,,,,,,,,,,,,,,,,,,,,,,,,,,,,,,,,,
31238,½ÐÌì,170,monster0031,8509,42515,1260,210,4,,,,,,,,,,,,,,,,,,,,,,,,,,,,,,,,,,,,,,,,,,,,,,,,
31239,¶áÃü,170,monster0032,8509,42515,1260,210,4,,,,,,,,,,,,,,,,,,,,,,,,,,,,,,,,,,,,,,,,,,,,,,,,
31240,¶Å¿µ,170,monster0033,8509,42515,1260,210,4,,,,,,,,,,,,,,,,,,,,,,,,,,,,,,,,,,,,,,,,,,,,,,,,
31241,Ë®ÉÏÆ¯,171,monster0036,8689,43415,1266,211,4,,,,,,,,,,,,,,,,,,,,,,,,,,,,,,,,,,,,,,,,,,,,,,,,
31242,Ã§Í·ÍÓ,171,monster0039,8689,43415,1266,211,4,,,,,,,,,,,,,,,,,,,,,,,,,,,,,,,,,,,,,,,,,,,,,,,,
31243,Ð¡³óÃ·»¨,171,monster0040,8689,43415,1266,211,4,,,,,,,,,,,,,,,,,,,,,,,,,,,,,,,,,,,,,,,,,,,,,,,,
31244,Ð¡³ó·½Æ¬,172,monster0041,8750,43720,1272,212,4,,,,,,,,,,,,,,,,,,,,,,,,,,,,,,,,,,,,,,,,,,,,,,,,
31245,»¢ÃÃ,172,monster0042,8750,43720,1272,212,4,,,,,,,,,,,,,,,,,,,,,,,,,,,,,,,,,,,,,,,,,,,,,,,,
31246,ÖÓÎÞÑÞ,172,monster0045,8750,43720,1272,212,4,,,,,,,,,,,,,,,,,,,,,,,,,,,,,,,,,,,,,,,,,,,,,,,,
31247,Í­´¸,173,monster0001,8771,43825,1278,213,4,,,,,,,,,,,,,,,,,,,,,,,,,,,,,,,,,,,,,,,,,,,,,,,,
31248,Ä§»¯Ã¨,173,monster0005,8771,43825,1278,213,4,,,,,,,,,,,,,,,,,,,,,,,,,,,,,,,,,,,,,,,,,,,,,,,,
31249,Ð¡À×¹«,173,monster0006,8771,43825,1278,213,4,,,,,,,,,,,,,,,,,,,,,,,,,,,,,,,,,,,,,,,,,,,,,,,,
31250,ÄÉÀ¼×ÚÖ÷,174,monster0008,8817,44055,1284,214,4,,,,,,,,,,,,,,,,,,,,,,,,,,,,,,,,,,,,,,,,,,,,,,,,
31251,Â¼×Ú×ÚÖ÷,174,monster0009,8817,44055,1284,214,4,,,,,,,,,,,,,,,,,,,,,,,,,,,,,,,,,,,,,,,,,,,,,,,,
31252,ÈÙ¹â,174,monster0010,8817,44055,1284,214,4,,,,,,,,,,,,,,,,,,,,,,,,,,,,,,,,,,,,,,,,,,,,,,,,
31253,Î÷ÃÅ×ÚÖ÷,175,monster0011,8909,44515,1290,215,4,,,,,,,,,,,,,,,,,,,,,,,,,,,,,,,,,,,,,,,,,,,,,,,,
31254,ÖÒ,175,monster0013,8909,44515,1290,215,4,,,,,,,,,,,,,,,,,,,,,,,,,,,,,,,,,,,,,,,,,,,,,,,,
31255,ÁéÎý,175,monster0014,8909,44515,1290,215,4,,,,,,,,,,,,,,,,,,,,,,,,,,,,,,,,,,,,,,,,,,,,,,,,
31256,ÐÞ,176,monster0017,9089,45415,1296,216,4,,,,,,,,,,,,,,,,,,,,,,,,,,,,,,,,,,,,,,,,,,,,,,,,
31257,Ìúµ¨,176,monster0018,9089,45415,1296,216,4,,,,,,,,,,,,,,,,,,,,,,,,,,,,,,,,,,,,,,,,,,,,,,,,
31258,×·»ê,176,monster0019,9089,45415,1296,216,4,,,,,,,,,,,,,,,,,,,,,,,,,,,,,,,,,,,,,,,,,,,,,,,,
31259,Ááçç,177,monster0020,9150,45720,1302,217,4,,,,,,,,,,,,,,,,,,,,,,,,,,,,,,,,,,,,,,,,,,,,,,,,
31260,¹íºï¶ù,177,monster0021,9150,45720,1302,217,4,,,,,,,,,,,,,,,,,,,,,,,,,,,,,,,,,,,,,,,,,,,,,,,,
31261,Íò½Ù±Þ,177,monster0022,9150,45720,1302,217,4,,,,,,,,,,,,,,,,,,,,,,,,,,,,,,,,,,,,,,,,,,,,,,,,
31262,Ë÷ÃüÐÞÂÞ,178,monster0024,9171,45825,1308,218,4,,,,,,,,,,,,,,,,,,,,,,,,,,,,,,,,,,,,,,,,,,,,,,,,
31263,¶¾ÀÉ¾ý,178,monster0026,9171,45825,1308,218,4,,,,,,,,,,,,,,,,,,,,,,,,,,,,,,,,,,,,,,,,,,,,,,,,
31264,ÆßÀÉ,178,monster0027,9171,45825,1308,218,4,,,,,,,,,,,,,,,,,,,,,,,,,,,,,,,,,,,,,,,,,,,,,,,,
31265,ÊØÒ¹ÈË,179,monster0028,9217,46055,1314,219,4,,,,,,,,,,,,,,,,,,,,,,,,,,,,,,,,,,,,,,,,,,,,,,,,
31266,ÉñÐÐ¿Í,179,monster0029,9217,46055,1314,219,4,,,,,,,,,,,,,,,,,,,,,,,,,,,,,,,,,,,,,,,,,,,,,,,,
31267,Éã»êÁé¹Ù,179,monster0030,9217,46055,1314,219,4,,,,,,,,,,,,,,,,,,,,,,,,,,,,,,,,,,,,,,,,,,,,,,,,
31268,½ÐÌì,180,monster0031,9309,46515,1320,220,4,,,,,,,,,,,,,,,,,,,,,,,,,,,,,,,,,,,,,,,,,,,,,,,,
31269,¶áÃü,180,monster0032,9309,46515,1320,220,4,,,,,,,,,,,,,,,,,,,,,,,,,,,,,,,,,,,,,,,,,,,,,,,,
31270,¶Å¿µ,180,monster0033,9309,46515,1320,220,4,,,,,,,,,,,,,,,,,,,,,,,,,,,,,,,,,,,,,,,,,,,,,,,,
31271,Ë®ÉÏÆ¯,181,monster0036,9489,47415,1326,221,4,,,,,,,,,,,,,,,,,,,,,,,,,,,,,,,,,,,,,,,,,,,,,,,,
31272,Ã§Í·ÍÓ,181,monster0039,9489,47415,1326,221,4,,,,,,,,,,,,,,,,,,,,,,,,,,,,,,,,,,,,,,,,,,,,,,,,
31273,Ð¡³óÃ·»¨,181,monster0040,9489,47415,1326,221,4,,,,,,,,,,,,,,,,,,,,,,,,,,,,,,,,,,,,,,,,,,,,,,,,
31274,Ð¡³ó·½Æ¬,182,monster0041,9550,47720,1332,222,4,,,,,,,,,,,,,,,,,,,,,,,,,,,,,,,,,,,,,,,,,,,,,,,,
31275,»¢ÃÃ,182,monster0042,9550,47720,1332,222,4,,,,,,,,,,,,,,,,,,,,,,,,,,,,,,,,,,,,,,,,,,,,,,,,
31276,ÖÓÎÞÑÞ,182,monster0045,9550,47720,1332,222,4,,,,,,,,,,,,,,,,,,,,,,,,,,,,,,,,,,,,,,,,,,,,,,,,
31277,Ð¡³ó·½Æ¬,183,monster0041,9571,47825,1338,223,4,,,,,,,,,,,,,,,,,,,,,,,,,,,,,,,,,,,,,,,,,,,,,,,,
31278,»¢ÃÃ,183,monster0042,9571,47825,1338,223,4,,,,,,,,,,,,,,,,,,,,,,,,,,,,,,,,,,,,,,,,,,,,,,,,
31279,ÖÓÎÞÑÞ,183,monster0045,9571,47825,1338,223,4,,,,,,,,,,,,,,,,,,,,,,,,,,,,,,,,,,,,,,,,,,,,,,,,
31280,Í­´¸,184,monster0001,9617,48055,1344,224,4,,,,,,,,,,,,,,,,,,,,,,,,,,,,,,,,,,,,,,,,,,,,,,,,
31281,Ä§»¯Ã¨,184,monster0005,9617,48055,1344,224,4,,,,,,,,,,,,,,,,,,,,,,,,,,,,,,,,,,,,,,,,,,,,,,,,
31282,Ð¡À×¹«,184,monster0006,9617,48055,1344,224,4,,,,,,,,,,,,,,,,,,,,,,,,,,,,,,,,,,,,,,,,,,,,,,,,
31283,ÄÉÀ¼×ÚÖ÷,185,monster0008,9709,48515,1350,225,4,,,,,,,,,,,,,,,,,,,,,,,,,,,,,,,,,,,,,,,,,,,,,,,,
31284,Â¼×Ú×ÚÖ÷,185,monster0009,9709,48515,1350,225,4,,,,,,,,,,,,,,,,,,,,,,,,,,,,,,,,,,,,,,,,,,,,,,,,
31285,ÈÙ¹â,185,monster0010,9709,48515,1350,225,4,,,,,,,,,,,,,,,,,,,,,,,,,,,,,,,,,,,,,,,,,,,,,,,,
31286,Î÷ÃÅ×ÚÖ÷,186,monster0011,9889,49415,1356,226,4,,,,,,,,,,,,,,,,,,,,,,,,,,,,,,,,,,,,,,,,,,,,,,,,
31287,ÖÒ,186,monster0013,9889,49415,1356,226,4,,,,,,,,,,,,,,,,,,,,,,,,,,,,,,,,,,,,,,,,,,,,,,,,
31288,ÁéÎý,186,monster0014,9889,49415,1356,226,4,,,,,,,,,,,,,,,,,,,,,,,,,,,,,,,,,,,,,,,,,,,,,,,,
31289,ÐÞ,187,monster0017,9950,49720,1362,227,4,,,,,,,,,,,,,,,,,,,,,,,,,,,,,,,,,,,,,,,,,,,,,,,,
31290,Ìúµ¨,187,monster0018,9950,49720,1362,227,4,,,,,,,,,,,,,,,,,,,,,,,,,,,,,,,,,,,,,,,,,,,,,,,,
31291,×·»ê,187,monster0019,9950,49720,1362,227,4,,,,,,,,,,,,,,,,,,,,,,,,,,,,,,,,,,,,,,,,,,,,,,,,
31292,Ááçç,188,monster0020,9971,49825,1368,228,4,,,,,,,,,,,,,,,,,,,,,,,,,,,,,,,,,,,,,,,,,,,,,,,,
31293,¹íºï¶ù,188,monster0021,9971,49825,1368,228,4,,,,,,,,,,,,,,,,,,,,,,,,,,,,,,,,,,,,,,,,,,,,,,,,
31294,Íò½Ù±Þ,188,monster0022,9971,49825,1368,228,4,,,,,,,,,,,,,,,,,,,,,,,,,,,,,,,,,,,,,,,,,,,,,,,,
31295,Ë÷ÃüÐÞÂÞ,189,monster0024,10017,50055,1374,229,4,,,,,,,,`,,,,,,,,,,,,,,,,,,,,,,,,,,,,,,,,,,,,,,,,
31296,¶¾ÀÉ¾ý,189,monster0026,10017,50055,1374,229,4,,,,,,,,,,,,,,,,,,,,,,,,,,,,,,,,,,,,,,,,,,,,,,,,
31297,ÆßÀÉ,189,monster0027,10017,50055,1374,229,4,,,,,,,,,,,,,,,,,,,,,,,,,,,,,,,,,,,,,,,,,,,,,,,,
31298,ÊØÒ¹ÈË,190,monster0028,10109,50515,1380,230,4,,,,,,,,,,,,,,,,,,,,,,,,,,,,,,,,,,,,,,,,,,,,,,,,
31299,ÉñÐÐ¿Í,190,monster0029,10109,50515,1380,230,4,,,,,,,,,,,,,,,,,,,,,,,,,,,,,,,,,,,,,,,,,,,,,,,,
31300,Éã»êÁé¹Ù,190,monster0030,10109,50515,1380,230,4,,,,,,,,,,,,,,,,,,,,,,,,,,,,,,,,,,,,,,,,,,,,,,,,
31301,½ÐÌì,191,monster0031,10289,51415,1386,231,4,,,,,,,,,,,,,,,,,,,,,,,,,,,,,,,,,,,,,,,,,,,,,,,,
31302,¶áÃü,191,monster0032,10289,51415,1386,231,4,,,,,,,,,,,,,,,,,,,,,,,,,,,,,,,,,,,,,,,,,,,,,,,,
31303,¶Å¿µ,191,monster0033,10289,51415,1386,231,4,,,,,,,,,,,,,,,,,,,,,,,,,,,,,,,,,,,,,,,,,,,,,,,,
,,,,,,,,,,,,,,,,,,,,,,,,,,,,,,,,,,,,,,,,,,,,,,,,,,,,,,,,
,,,,,,,,,,,,,,,,,,,,,,,,,,,,,,,,,,,,,,,,,,,,,,,,,,,,,,,,
,,,,,,,,,,,,,,,,,,,,,,,,,,,,,,,,,,,,,,,,,,,,,,,,,,,,,,,,
,,,,,,,,,,,,,,,,,,,,,,,,,,,,,,,,,,,,,,,,,,,,,,,,,,,,,,,,
,,,,,,,,,,,,,,,,,,,,,,,,,,,,,,,,,,,,,,,,,,,,,,,,,,,,,,,,
,,,,,,,,,,,,,,,,,,,,,,,,,,,,,,,,,,,,,,,,,,,,,,,,,,,,,,,,
,,,,,,,,,,,,,,,,,,,,,,,,,,,,,,,,,,,,,,,,,,,,,,,,,,,,,,,,
,,,,,,,,,,,,,,,,,,,,,,,,,,,,,,,,,,,,,,,,,,,,,,,,,,,,,,,,
,,,,,,,,,,,,,,,,,,,,,,,,,,,,,,,,,,,,,,,,,,,,,,,,,,,,,,,,
,,,,,,,,,,,,,,,,,,,,,,,,,,,,,,,,,,,,,,,,,,,,,,,,,,,,,,,,
,,,,,,,,,,,,,,,,,,,,,,,,,,,,,,,,,,,,,,,,,,,,,,,,,,,,,,,,
,,,,,,,,,,,,,,,,,,,,,,,,,,,,,,,,,,,,,,,,,,,,,,,,,,,,,,,,
,,,,,,,,,,,,,,,,,,,,,,,,,,,,,,,,,,,,,,,,,,,,,,,,,,,,,,,,
,,,,,,,,,,,,,,,,,,,,,,,,,,,,,,,,,,,,,,,,,,,,,,,,,,,,,,,,
,,,,,,,,,,,,,,,,,,,,,,,,,,,,,,,,,,,,,,,,,,,,,,,,,,,,,,,,
,,,,,,,,,,,,,,,,,,,,,,,,,,,,,,,,,,,,,,,,,,,,,,,,,,,,,,,,
,,,,,,,,,,,,,,,,,,,,,,,,,,,,,,,,,,,,,,,,,,,,,,,,,,,,,,,,
,,,,,,,,,,,,,,,,,,,,,,,,,,,,,,,,,,,,,,,,,,,,,,,,,,,,,,,,
,,,,,,,,,,,,,,,,,,,,,,,,,,,,,,,,,,,,,,,,,,,,,,,,,,,,,,,,
,,,,,,,,,,,,,,,,,,,,,,,,,,,,,,,,,,,,,,,,,,,,,,,,,,,,,,,,
,,,,,,,,,,,,,,,,,,,,,,,,,,,,,,,,,,,,,,,,,,,,,,,,,,,,,,,,
,,,,,,,,,,,,,,,,,,,,,,,,,,,,,,,,,,,,,,,,,,,,,,,,,,,,,,,,
,,,,,,,,,,,,,,,,,,,,,,,,,,,,,,,,,,,,,,,,,,,,,,,,,,,,,,,,
,,,,,,,,,,,,,,,,,,,,,,,,,,,,,,,,,,,,,,,,,,,,,,,,,,,,,,,,
,,,,,,,,,,,,,,,,,,,,,,,,,,,,,,,,,,,,,,,,,,,,,,,,,,,,,,,,
,,,,,,,,,,,,,,,,,,,,,,,,,,,,,,,,,,,,,,,,,,,,,,,,,,,,,,,,
,,,,,,,,,,,,,,,,,,,,,,,,,,,,,,,,,,,,,,,,,,,,,,,,,,,,,,,,
,,,,,,,,,,,,,,,,,,,,,,,,,,,,,,,,,,,,,,,,,,,,,,,,,,,,,,,,
,,,,,,,,,,,,,,,,,,,,,,,,,,,,,,,,,,,,,,,,,,,,,,,,,,,,,,,,
,,,,,,,,,,,,,,,,,,,,,,,,,,,,,,,,,,,,,,,,,,,,,,,,,,,,,,,,
,,,,,,,,,,,,,,,,,,,,,,,,,,,,,,,,,,,,,,,,,,,,,,,,,,,,,,,,
,,,,,,,,,,,,,,,,,,,,,,,,,,,,,,,,,,,,,,,,,,,,,,,,,,,,,,,,
,,,,,,,,,,,,,,,,,,,,,,,,,,,,,,,,,,,,,,,,,,,,,,,,,,,,,,,,
,,,,,,,,,,,,,,,,,,,,,,,,,,,,,,,,,,,,,,,,,,,,,,,,,,,,,,,,
,,,,,,,,,,,,,,,,,,,,,,,,,,,,,,,,,,,,,,,,,,,,,,,,,,,,,,,,
,,,,,,,,,,,,,,,,,,,,,,,,,,,,,,,,,,,,,,,,,,,,,,,,,,,,,,,,
,,,,,,,,,,,,,,,,,,,,,,,,,,,,,,,,,,,,,,,,,,,,,,,,,,,,,,,,
,,,,,,,,,,,,,,,,,,,,,,,,,,,,,,,,,,,,,,,,,,,,,,,,,,,,,,,,
,,,,,,,,,,,,,,,,,,,,,,,,,,,,,,,,,,,,,,,,,,,,,,,,,,,,,,,,
,,,,,,,,,,,,,,,,,,,,,,,,,,,,,,,,,,,,,,,,,,,,,,,,,,,,,,,,
,,,,,,,,,,,,,,,,,,,,,,,,,,,,,,,,,,,,,,,,,,,,,,,,,,,,,,,,
,,,,,,,,,,,,,,,,,,,,,,,,,,,,,,,,,,,,,,,,,,,,,,,,,,,,,,,,
,,,,,,,,,,,,,,,,,,,,,,,,,,,,,,,,,,,,,,,,,,,,,,,,,,,,,,,,
,,,,,,,,,,,,,,,,,,,,,,,,,,,,,,,,,,,,,,,,,,,,,,,,,,,,,,,,
,,,,,,,,,,,,,,,,,,,,,,,,,,,,,,,,,,,,,,,,,,,,,,,,,,,,,,,,
,,,,,,,,,,,,,,,,,,,,,,,,,,,,,,,,,,,,,,,,,,,,,,,,,,,,,,,,
,,,,,,,,,,,,,,,,,,,,,,,,,,,,,,,,,,,,,,,,,,,,,,,,,,,,,,,,
,,,,,,,,,,,,,,,,,,,,,,,,,,,,,,,,,,,,,,,,,,,,,,,,,,,,,,,,
,,,,,,,,,,,,,,,,,,,,,,,,,,,,,,,,,,,,,,,,,,,,,,,,,,,,,,,,
,,,,,,,,,,,,,,,,,,,,,,,,,,,,,,,,,,,,,,,,,,,,,,,,,,,,,,,,
,,,,,,,,,,,,,,,,,,,,,,,,,,,,,,,,,,,,,,,,,,,,,,,,,,,,,,,,
,,,,,,,,,,,,,,,,,,,,,,,,,,,,,,,,,,,,,,,,,,,,,,,,,,,,,,,,
,,,,,,,,,,,,,,,,,,,,,,,,,,,,,,,,,,,,,,,,,,,,,,,,,,,,,,,,
,,,,,,,,,,,,,,,,,,,,,,,,,,,,,,,,,,,,,,,,,,,,,,,,,,,,,,,,
,,,,,,,,,,,,,,,,,,,,,,,,,,,,,,,,,,,,,,,,,,,,,,,,,,,,,,,,
,,,,,,,,,,,,,,,,,,,,,,,,,,,,,,,,,,,,,,,,,,,,,,,,,,,,,,,,
,,,,,,,,,,,,,,,,,,,,,,,,,,,,,,,,,,,,,,,,,,,,,,,,,,,,,,,,
,,,,,,,,,,,,,,,,,,,,,,,,,,,,,,,,,,,,,,,,,,,,,,,,,,,,,,,,
,,,,,,,,,,,,,,,,,,,,,,,,,,,,,,,,,,,,,,,,,,,,,,,,,,,,,,,,
,,,,,,,,,,,,,,,,,,,,,,,,,,,,,,,,,,,,,,,,,,,,,,,,,,,,,,,,
,,,,,,,,,,,,,,,,,,,,,,,,,,,,,,,,,,,,,,,,,,,,,,,,,,,,,,,,
,,,,,,,,,,,,,,,,,,,,,,,,,,,,,,,,,,,,,,,,,,,,,,,,,,,,,,,,
,,,,,,,,,,,,,,,,,,,,,,,,,,,,,,,,,,,,,,,,,,,,,,,,,,,,,,,,
,,,,,,,,,,,,,,,,,,,,,,,,,,,,,,,,,,,,,,,,,,,,,,,,,,,,,,,,
,,,,,,,,,,,,,,,,,,,,,,,,,,,,,,,,,,,,,,,,,,,,,,,,,,,,,,,,
,,,,,,,,,,,,,,,,,,,,,,,,,,,,,,,,,,,,,,,,,,,,,,,,,,,,,,,,
,,,,,,,,,,,,,,,,,,,,,,,,,,,,,,,,,,,,,,,,,,,,,,,,,,,,,,,,
,,,,,,,,,,,,,,,,,,,,,,,,,,,,,,,,,,,,,,,,,,,,,,,,,,,,,,,,
,,,,,,,,,,,,,,,,,,,,,,,,,,,,,,,,,,,,,,,,,,,,,,,,,,,,,,,,
